yf_ticker,marketCap,sector,industry,longName,currency,financialCurrency,income_stmt_date,balance_sheet_date,revenue,revenue__src,operating_income,operating_income__src,ebit_reported,ebit_reported__src,net_income,net_income__src,current_assets,current_assets__src,current_liabilities,current_liabilities__src,cash_and_st_investments,cash_and_st_investments__src,current_debt,current_debt__src,total_debt,total_debt__src,net_ppe,net_ppe__src,minority_interest,minority_interest__src,preferred_equity,preferred_equity__src,fx_to_inr,fx_date,fetch_error
360ONE.NS,429207322624.0,Financial Services,Asset Management,360 One Wam Limited,INR,INR,2026-03-31,2026-03-31,31381300000.0,Total Revenue,13355700000.0,Operating Income,26589500000.0,EBIT,12161700000.0,Net Income,119595300000.0,Current Assets,75165000000.0,Current Liabilities,84438700000.0,Cash Cash Equivalents And Short Term Investments,63328400000.0,Current Debt And Capital Lease Obligation,157996300000.0,Total Debt,8559400000.0,Net PPE,0.0,Minority Interest,,,1.0,,
3MINDIA.NS,379238580224.0,Industrials,Conglomerates,3M India Limited,INR,INR,2026-03-31,2026-03-31,50869500000.0,Total Revenue,9554800000.0,Operating Income,9371400000.0,EBIT,5223200000.0,Net Income,25423800000.0,Current Assets,11650300000.0,Current Liabilities,8121400000.0,Cash Cash Equivalents And Short Term Investments,105300000.0,Current Debt And Capital Lease Obligation,1697500000.0,Total Debt,5076400000.0,Net PPE,,,,,1.0,,
ABB.NS,1477001347072.0,Industrials,Specialty Industrial Machinery,ABB India Limited,INR,INR,2025-12-31,2025-12-31,130653200000.0,Total Revenue,18756800000.0,Operating Income,22493300000.0,EBIT,16682600000.0,Net Income,117497100000.0,Current Assets,57334500000.0,Current Liabilities,58277700000.0,Cash Cash Equivalents And Short Term Investments,295800000.0,Current Debt And Capital Lease Obligation,848200000.0,Total Debt,13647200000.0,Net PPE,,,,,1.0,,
ACC.NS,228687331328.0,Basic Materials,Building Materials,ACC Limited,INR,INR,2026-03-31,2026-03-31,250453900000.0,Total Revenue,18190300000.0,Operating Income,22686000000.0,EBIT,21370700000.0,Net Income,113728900000.0,Current Assets,57615200000.0,Current Liabilities,5376000000.0,Cash Cash Equivalents And Short Term Investments,2115200000.0,Current Debt And Capital Lease Obligation,5397700000.0,Total Debt,129113300000.0,Net PPE,39500000.0,Minority Interest,,,1.0,,
ACMESOLAR.NS,309638168576.0,Utilities,Utilities - Renewable,ACME Solar Holdings Limited,INR,INR,2026-03-31,2026-03-31,20229590000.0,Total Revenue,13328230000.0,Operating Income,17798740000.0,EBIT,4989150000.0,Net Income,69857380000.0,Current Assets,32201590000.0,Current Liabilities,30558680000.0,Cash Cash Equivalents And Short Term Investments,23114730000.0,Current Debt And Capital Lease Obligation,198962940000.0,Total Debt,204985300000.0,Net PPE,-13140000.0,Minority Interest,,,1.0,,
AIAENG.NS,,Industrials,Specialty Industrial Machinery,AIA Engineering Limited,INR,INR,2026-03-31,2026-03-31,43672327000.0,Total Revenue,11501397000.0,Operating Income,16282817000.0,EBIT,12701582000.0,Net Income,70962443000.0,Current Assets,3718169000.0,Current Liabilities,43750402000.0,Cash Cash Equivalents And Short Term Investments,29896000.0,Current Debt And Capital Lease Obligation,102667000.0,Total Debt,12525173000.0,Net PPE,88753000.0,Minority Interest,,,1.0,,
APLAPOLLO.NS,606461493248.0,Basic Materials,Steel,APL Apollo Tubes Limited,INR,INR,2026-03-31,2026-03-31,223853600000.0,Total Revenue,15866700000.0,Operating Income,16671800000.0,EBIT,12030800000.0,Net Income,38541400000.0,Current Assets,28689500000.0,Current Liabilities,17300600000.0,Cash Cash Equivalents And Short Term Investments,1961900000.0,Current Debt And Capital Lease Obligation,4976500000.0,Total Debt,44881000000.0,Net PPE,,,,,1.0,,
AUBANK.NS,748666486784.0,Financial Services,Banks - Regional,AU Small Finance Bank Limited,INR,INR,2026-03-31,2026-03-31,120969752000.0,Total Revenue,,,,,26412543000.0,Net Income,,,,,86559989000.0,Cash And Cash Equivalents,,,138715447000.0,Total Debt,14363820000.0,Net PPE,,,,,1.0,,
AWL.NS,234464886784.0,Consumer Defensive,Packaged Foods,AWL Agri Business Limited,INR,INR,2026-03-31,2026-03-31,746190300000.0,Total Revenue,18694900000.0,Operating Income,18849000000.0,EBIT,10420500000.0,Net Income,156556800000.0,Current Assets,124283000000.0,Current Liabilities,23330600000.0,Cash Cash Equivalents And Short Term Investments,74970300000.0,Current Debt And Capital Lease Obligation,81225200000.0,Total Debt,72640700000.0,Net PPE,29600000.0,Minority Interest,,,1.0,,
AADHARHFC.NS,191402459136.0,Financial Services,Mortgage Finance,Aadhar Housing Finance Limited,INR,INR,2026-03-31,2026-03-31,33874400000.0,Total Revenue,25549800000.0,Operating Income,27512200000.0,EBIT,10958800000.0,Net Income,56199000000.0,Current Assets,45394800000.0,Current Liabilities,13847500000.0,Cash Cash Equivalents And Short Term Investments,35642100000.0,Current Debt And Capital Lease Obligation,187433200000.0,Total Debt,1352000000.0,Net PPE,,,,,1.0,,
AARTIIND.NS,174859468800.0,Basic Materials,Specialty Chemicals,Aarti Industries Limited,INR,INR,2026-03-31,2026-03-31,81617800000.0,Total Revenue,7093800000.0,Operating Income,6230300000.0,EBIT,4190600000.0,Net Income,41873300000.0,Current Assets,50392700000.0,Current Liabilities,6192000000.0,Cash Cash Equivalents And Short Term Investments,27446300000.0,Current Debt And Capital Lease Obligation,49663300000.0,Total Debt,83515500000.0,Net PPE,1000000.0,Minority Interest,,,1.0,,
AAVAS.NS,99641253888.0,Financial Services,Mortgage Finance,Aavas Financiers Limited,INR,INR,2026-03-31,2026-03-31,22726493000.0,Total Revenue,4703282000.0,Operating Income,8466703000.0,EBIT,6548813000.0,Net Income,52096515000.0,Current Assets,33405583000.0,Current Liabilities,21334071000.0,Cash Cash Equivalents And Short Term Investments,29711291000.0,Current Debt And Capital Lease Obligation,156855708000.0,Total Debt,1237089000.0,Net PPE,,,,,1.0,,
ABBOTINDIA.NS,572774940672.0,Healthcare,Drug Manufacturers - Specialty & Generic,Abbott India Limited,INR,INR,2026-03-31,2026-03-31,69269000000.0,Total Revenue,18248500000.0,Operating Income,21042600000.0,EBIT,15520200000.0,Net Income,37706900000.0,Current Assets,14765700000.0,Current Liabilities,22323300000.0,Cash Cash Equivalents And Short Term Investments,383300000.0,Current Debt And Capital Lease Obligation,1719900000.0,Total Debt,3333600000.0,Net PPE,,,,,1.0,,
ACE.NS,143928508416.0,Industrials,Farm & Heavy Construction Machinery,Action Construction Equipment Limited,INR,INR,2026-03-31,2026-03-31,32777388000.0,Total Revenue,4858196000.0,Operating Income,5788160000.0,EBIT,4150905000.0,Net Income,16242859000.0,Current Assets,12180522000.0,Current Liabilities,6375311000.0,Cash Cash Equivalents And Short Term Investments,13106000.0,Current Debt And Capital Lease Obligation,79054000.0,Total Debt,8814855000.0,Net PPE,664000.0,Minority Interest,,,1.0,,
ACUTAAS.NS,263584071680.0,Basic Materials,Specialty Chemicals,Acutaas Chemicals Limited,INR,INR,2026-03-31,2026-03-31,13289682000.0,Total Revenue,4449616000.0,Operating Income,4854766000.0,EBIT,3562553000.0,Net Income,8812697000.0,Current Assets,2308140000.0,Current Liabilities,2248343000.0,Cash Cash Equivalents And Short Term Investments,264908000.0,Current Debt And Capital Lease Obligation,355959000.0,Total Debt,9827443000.0,Net PPE,571892000.0,Minority Interest,,,1.0,,
ADANIENSOL.NS,1606717669376.0,Utilities,Utilities - Independent Power Producers,Adani Energy Solutions Limited,INR,INR,2026-03-31,2026-03-31,272026300000.0,Total Revenue,71564300000.0,Operating Income,65257400000.0,EBIT,22825400000.0,Net Income,178257600000.0,Current Assets,154462800000.0,Current Liabilities,50036000000.0,Cash Cash Equivalents And Short Term Investments,35485100000.0,Current Debt And Capital Lease Obligation,491764300000.0,Total Debt,504143100000.0,Net PPE,10981000000.0,Minority Interest,,,1.0,,
ADANIENT.NS,4042809933824.0,Energy,Thermal Coal,Adani Enterprises Limited,INR,INR,2026-03-31,2026-03-31,1002670200000.0,Total Revenue,84377600000.0,Operating Income,199175700000.0,EBIT,93394700000.0,Net Income,611760400000.0,Current Assets,589122500000.0,Current Liabilities,100112300000.0,Cash Cash Equivalents And Short Term Investments,124438500000.0,Current Debt And Capital Lease Obligation,1066217900000.0,Total Debt,1339964200000.0,Net PPE,82523000000.0,Minority Interest,,,1.0,,
ADANIGREEN.NS,2058311303168.0,Utilities,Utilities - Renewable,Adani Green Energy Limited,INR,INR,2026-03-31,2026-03-31,123260000000.0,Total Revenue,74780000000.0,Operating Income,78610000000.0,EBIT,16520000000.0,Net Income,114610000000.0,Current Assets,202320000000.0,Current Liabilities,40730000000.0,Cash Cash Equivalents And Short Term Investments,106850000000.0,Current Debt And Capital Lease Obligation,1014400000000.0,Total Debt,1228430000000.0,Net PPE,99140000000.0,Minority Interest,,,1.0,,
ADANIPORTS.NS,4010501472256.0,Industrials,Marine Shipping,Adani Ports and Special Economic Zone Limited,INR,INR,2026-03-31,2026-03-31,387357700000.0,Total Revenue,174508200000.0,Operating Income,185999300000.0,EBIT,128062100000.0,Net Income,219748300000.0,Current Assets,157603500000.0,Current Liabilities,51615500000.0,Cash And Cash Equivalents,51882700000.0,Current Debt And Capital Lease Obligation,632361600000.0,Total Debt,1180696800000.0,Net PPE,28561800000.0,Minority Interest,,,1.0,,
ADANIPOWER.NS,3816634187776.0,Utilities,Utilities - Independent Power Producers,Adani Power Limited,INR,INR,2026-03-31,2026-03-31,541521600000.0,Total Revenue,157395700000.0,Operating Income,184533200000.0,EBIT,128343000000.0,Net Income,286880800000.0,Current Assets,203282100000.0,Current Liabilities,23915600000.0,Cash Cash Equivalents And Short Term Investments,107914200000.0,Current Debt And Capital Lease Obligation,545187700000.0,Total Debt,1041293400000.0,Net PPE,14650400000.0,Minority Interest,,,1.0,,
ATGL.NS,659446104064.0,Utilities,Utilities - Regulated Gas,Adani Total Gas Limited,INR,INR,2026-03-31,2026-03-31,58560100000.0,Total Revenue,9548100000.0,Operating Income,9944800000.0,EBIT,6557200000.0,Net Income,14228900000.0,Current Assets,22305800000.0,Current Liabilities,5449200000.0,Cash Cash Equivalents And Short Term Investments,7547800000.0,Current Debt And Capital Lease Obligation,28532300000.0,Total Debt,62620400000.0,Net PPE,0.0,Minority Interest,,,1.0,,
ABCAPITAL.NS,1049123422208.0,Financial Services,Financial Conglomerates,Aditya Birla Capital Limited,INR,INR,2026-03-31,2026-03-31,459274200000.0,Total Revenue,,,169153800000.0,EBIT,37644900000.0,Net Income,,,,,192712400000.0,Cash Cash Equivalents And Short Term Investments,159623900000.0,Current Debt And Capital Lease Obligation,1792266400000.0,Total Debt,9899400000.0,Net PPE,23442900000.0,Minority Interest,,,1.0,,
ABFRL.NS,58660827136.0,Consumer Cyclical,Apparel Manufacturing,Aditya Birla Fashion and Retail Limited,INR,INR,2026-03-31,2026-03-31,81399000000.0,Total Revenue,-6071900000.0,Operating Income,-4143500000.0,EBIT,-7758900000.0,Net Income,59013700000.0,Current Assets,47137400000.0,Current Liabilities,11319300000.0,Cash Cash Equivalents And Short Term Investments,15111600000.0,Current Debt And Capital Lease Obligation,61882400000.0,Total Debt,50316600000.0,Net PPE,4238400000.0,Minority Interest,,,1.0,,
ABLBL.NS,94183047168.0,Consumer Cyclical,Apparel Retail,Aditya Birla Lifestyle Brands Limited,INR,INR,2026-03-31,2026-03-31,83404000000.0,Total Revenue,6215800000.0,Operating Income,5846400000.0,EBIT,1710500000.0,Net Income,45816800000.0,Current Assets,43002200000.0,Current Liabilities,1078500000.0,Cash Cash Equivalents And Short Term Investments,8811600000.0,Current Debt And Capital Lease Obligation,30181000000.0,Total Debt,25935500000.0,Net PPE,,,,,1.0,,
ABREL.NS,131587629056.0,Real Estate,Real Estate Services,Aditya Birla Real Estate Limited,INR,INR,2026-03-31,2026-03-31,4037700000.0,Total Revenue,-4149800000.0,Operating Income,-4126600000.0,EBIT,-1032200000.0,Net Income,176506700000.0,Current Assets,122850200000.0,Current Liabilities,22457000000.0,Cash Cash Equivalents And Short Term Investments,18754500000.0,Current Debt And Capital Lease Obligation,56364900000.0,Total Debt,6516600000.0,Net PPE,-16200000.0,Minority Interest,,,1.0,,
ABSLAMC.NS,285555392512.0,Financial Services,Asset Management,Aditya Birla Sun Life AMC Limited,INR,INR,2026-03-31,2026-03-31,18450300000.0,Total Revenue,10596500000.0,Operating Income,12705700000.0,EBIT,9750700000.0,Net Income,30383300000.0,Current Assets,2792200000.0,Current Liabilities,28820100000.0,Cash Cash Equivalents And Short Term Investments,225700000.0,Current Debt And Capital Lease Obligation,637300000.0,Total Debt,947600000.0,Net PPE,0.0,Minority Interest,,,1.0,,
CPPLUS.NS,459237916672.0,Industrials,Building Products & Equipment,Aditya Infotech Limited,INR,INR,2026-03-31,2026-03-31,42157300000.0,Total Revenue,5182970000.0,Operating Income,5214680000.0,EBIT,3679610000.0,Net Income,30321370000.0,Current Assets,19779390000.0,Current Liabilities,1704530000.0,Cash Cash Equivalents And Short Term Investments,813620000.0,Current Debt And Capital Lease Obligation,1802590000.0,Total Debt,3521230000.0,Net PPE,0.0,Minority Interest,,,1.0,,
AEGISLOG.NS,470445326336.0,Energy,Oil & Gas Refining & Marketing,Aegis Logistics Limited,INR,INR,2026-03-31,2026-03-31,82826636000.0,Total Revenue,12866769000.0,Operating Income,15673260000.0,EBIT,8981538000.0,Net Income,59188000000.0,Current Assets,34681803000.0,Current Liabilities,44998115000.0,Cash Cash Equivalents And Short Term Investments,22094346000.0,Current Debt And Capital Lease Obligation,41499368000.0,Total Debt,71428313000.0,Net PPE,27292947000.0,Minority Interest,,,1.0,,
AEGISVOPAK.NS,329405890560.0,Energy,Oil & Gas Equipment & Services,Aegis Vopak Terminals Limited,INR,INR,2026-03-31,2026-03-31,9230782000.0,Total Revenue,4795335000.0,Operating Income,5130963000.0,EBIT,3104693000.0,Net Income,7352471000.0,Current Assets,19908272000.0,Current Liabilities,3071983000.0,Cash Cash Equivalents And Short Term Investments,18940747000.0,Current Debt And Capital Lease Obligation,37309269000.0,Total Debt,76103740000.0,Net PPE,1279675000.0,Minority Interest,,,1.0,,
AFCONS.NS,92755288064.0,Industrials,Engineering & Construction,Afcons Infrastructure Limited,INR,INR,2026-03-31,2026-03-31,118880200000.0,Total Revenue,8996300000.0,Operating Income,9083400000.0,EBIT,2515000000.0,Net Income,129539700000.0,Current Assets,100114300000.0,Current Liabilities,9697900000.0,Cash Cash Equivalents And Short Term Investments,26577800000.0,Current Debt And Capital Lease Obligation,36269100000.0,Total Debt,34108000000.0,Net PPE,7800000.0,Minority Interest,,,1.0,,
AFFLE.NS,218189922304.0,Communication Services,Advertising Agencies,Affle 3i Limited,INR,INR,2026-03-31,2026-03-31,27086100000.0,Total Revenue,5038160000.0,Operating Income,5618610000.0,EBIT,4548510000.0,Net Income,26396230000.0,Current Assets,7346600000.0,Current Liabilities,17502000000.0,Cash Cash Equivalents And Short Term Investments,121460000.0,Current Debt And Capital Lease Obligation,148090000.0,Total Debt,71760000.0,Net PPE,,,,,1.0,,
AJANTPHARM.NS,441967575040.0,Healthcare,Drug Manufacturers - Specialty & Generic,Ajanta Pharma Limited,INR,INR,2026-03-31,2026-03-31,54072600000.0,Total Revenue,13266000000.0,Operating Income,13937600000.0,EBIT,10560000000.0,Net Income,37354300000.0,Current Assets,14157500000.0,Current Liabilities,6631100000.0,Cash Cash Equivalents And Short Term Investments,2207500000.0,Current Debt And Capital Lease Obligation,2601700000.0,Total Debt,21205100000.0,Net PPE,,,,,1.0,,
ALKEM.NS,623292317696.0,Healthcare,Drug Manufacturers - Specialty & Generic,Alkem Laboratories Limited,INR,INR,2026-03-31,2026-03-31,145323400000.0,Total Revenue,26491300000.0,Operating Income,29868600000.0,EBIT,23018000000.0,Net Income,122105200000.0,Current Assets,47827000000.0,Current Liabilities,40652000000.0,Cash Cash Equivalents And Short Term Investments,11779300000.0,Current Debt And Capital Lease Obligation,20471600000.0,Total Debt,33456300000.0,Net PPE,5288300000.0,Minority Interest,,,1.0,,
ABDL.NS,205167394816.0,Consumer Defensive,Beverages - Wineries & Distilleries,Allied Blenders and Distillers Limited,INR,INR,2026-03-31,2026-03-31,37110860000.0,Total Revenue,4657322000.0,Operating Income,4858118000.0,EBIT,2283221000.0,Net Income,29306086000.0,Current Assets,21804395000.0,Current Liabilities,1359232000.0,Cash Cash Equivalents And Short Term Investments,8877763000.0,Current Debt And Capital Lease Obligation,11505279000.0,Total Debt,9456183000.0,Net PPE,230645000.0,Minority Interest,,,1.0,,
ARE&M.NS,142640807936.0,Industrials,Electrical Equipment & Parts,Amara Raja Energy & Mobility Limited,INR,INR,2026-03-31,2026-03-31,137599500000.0,Total Revenue,9114600000.0,Operating Income,12368600000.0,EBIT,8957700000.0,Net Income,45327900000.0,Current Assets,27624400000.0,Current Liabilities,3635900000.0,Cash Cash Equivalents And Short Term Investments,3062500000.0,Current Debt And Capital Lease Obligation,4061600000.0,Total Debt,59013800000.0,Net PPE,,,,,1.0,,
AMBER.NS,247808966656.0,Consumer Cyclical,"Furnishings, Fixtures & Appliances",Amber Enterprises India Limited,INR,INR,2026-03-31,2026-03-31,118497753000.0,Total Revenue,6447069000.0,Operating Income,5796968000.0,EBIT,1776471000.0,Net Income,64496832000.0,Current Assets,57012955000.0,Current Liabilities,11203032000.0,Cash Cash Equivalents And Short Term Investments,14900915000.0,Current Debt And Capital Lease Obligation,27015865000.0,Total Debt,38595220000.0,Net PPE,14295017000.0,Minority Interest,,,1.0,,
AMBUJACEM.NS,934539755520.0,Basic Materials,Building Materials,Ambuja Cements Limited,INR,INR,2026-03-31,2026-03-31,399694000000.0,Total Revenue,30938900000.0,Operating Income,35223800000.0,EBIT,47281800000.0,Net Income,137159300000.0,Current Assets,130962400000.0,Current Liabilities,9239500000.0,Cash Cash Equivalents And Short Term Investments,1995100000.0,Current Debt And Capital Lease Obligation,8659300000.0,Total Debt,537509300000.0,Net PPE,124989200000.0,Minority Interest,,,1.0,,
ANANDRATHI.NS,356341186560.0,Financial Services,Asset Management,Anand Rathi Wealth Limited,INR,INR,2026-03-31,2026-03-31,11488250000.0,Total Revenue,4473487000.0,Operating Income,5516385000.0,EBIT,3959114000.0,Net Income,8660313000.0,Current Assets,2261383000.0,Current Liabilities,7606542000.0,Cash Cash Equivalents And Short Term Investments,177577000.0,Current Debt And Capital Lease Obligation,834770000.0,Total Debt,1806692000.0,Net PPE,137010000.0,Minority Interest,,,1.0,,
ANANTRAJ.NS,221576232960.0,Real Estate,Real Estate - Development,Anant Raj Limited,INR,INR,2026-03-31,2026-03-31,25116000000.0,Total Revenue,6068110000.0,Operating Income,6742899000.0,EBIT,5570185000.0,Net Income,36667706000.0,Current Assets,3759022000.0,Current Liabilities,8995909000.0,Cash Cash Equivalents And Short Term Investments,936910000.0,Current Debt And Capital Lease Obligation,6805469000.0,Total Debt,4819177000.0,Net PPE,300666000.0,Minority Interest,,,1.0,,
ANGELONE.NS,256726761472.0,Financial Services,Capital Markets,Angel One Limited,INR,INR,2026-03-31,2026-03-31,43054080000.0,Total Revenue,8873190000.0,Operating Income,16749670000.0,EBIT,9150990000.0,Net Income,216552910000.0,Current Assets,176668280000.0,Current Liabilities,159818450000.0,Cash Cash Equivalents And Short Term Investments,79297040000.0,Current Debt And Capital Lease Obligation,79514090000.0,Total Debt,4480860000.0,Net PPE,311390000.0,Minority Interest,,,1.0,,
ANTHEM.NS,483635625984.0,Healthcare,Biotechnology,Anthem Biosciences Limited,INR,INR,2026-03-31,2026-03-31,21243330000.0,Total Revenue,7052580000.0,Operating Income,8307810000.0,EBIT,5917920000.0,Net Income,18031450000.0,Current Assets,3257140000.0,Current Liabilities,9384970000.0,Cash Cash Equivalents And Short Term Investments,253070000.0,Current Debt And Capital Lease Obligation,539240000.0,Total Debt,10664520000.0,Net PPE,,,,,1.0,,
ANURAS.NS,135629316096.0,Basic Materials,Specialty Chemicals,Anupam Rasayan India Ltd,INR,INR,2026-03-31,2026-03-31,23213830000.0,Total Revenue,4004980000.0,Operating Income,3962350000.0,EBIT,1701210000.0,Net Income,37275080000.0,Current Assets,26154380000.0,Current Liabilities,3995330000.0,Cash Cash Equivalents And Short Term Investments,13381770000.0,Current Debt And Capital Lease Obligation,18975930000.0,Total Debt,33954020000.0,Net PPE,13281220000.0,Minority Interest,,,1.0,,
APARINDS.NS,725228847104.0,Industrials,Electrical Equipment & Parts,APAR Industries Limited,INR,INR,2026-03-31,2026-03-31,228102300000.0,Total Revenue,17725300000.0,Operating Income,15953800000.0,EBIT,9769300000.0,Net Income,111967600000.0,Current Assets,77303800000.0,Current Liabilities,7130300000.0,Cash Cash Equivalents And Short Term Investments,4186300000.0,Current Debt And Capital Lease Obligation,9555100000.0,Total Debt,23809300000.0,Net PPE,,,,,1.0,,
APOLLOHOSP.NS,1273644449792.0,Healthcare,Medical Care Facilities,Apollo Hospitals Enterprise Limited,INR,INR,2026-03-31,2026-03-31,249106000000.0,Total Revenue,29032000000.0,Operating Income,30170000000.0,EBIT,19417000000.0,Net Income,68998000000.0,Current Assets,64813000000.0,Current Liabilities,18559000000.0,Cash Cash Equivalents And Short Term Investments,33925000000.0,Current Debt And Capital Lease Obligation,84924000000.0,Total Debt,122283000000.0,Net PPE,4944000000.0,Minority Interest,,,1.0,,
APOLLOTYRE.NS,248383045632.0,Consumer Cyclical,Auto Parts,Apollo Tyres Limited,INR,INR,2026-03-31,2026-03-31,282144670000.0,Total Revenue,26705350000.0,Operating Income,16973260000.0,EBIT,13724160000.0,Net Income,106983270000.0,Current Assets,80837520000.0,Current Liabilities,11051230000.0,Cash Cash Equivalents And Short Term Investments,14034430000.0,Current Debt And Capital Lease Obligation,36752150000.0,Total Debt,164401780000.0,Net PPE,,,,,1.0,,
APTUS.NS,120134148096.0,Financial Services,Mortgage Finance,Aptus Value Housing Finance India Limited,INR,INR,2026-03-31,2026-03-31,15970368000.0,Total Revenue,,,,,9429439000.0,Net Income,,,,,5688920000.0,Cash And Cash Equivalents,,,79037686000.0,Total Debt,384552000.0,Net PPE,,,,,1.0,,
ASAHIINDIA.NS,239886499840.0,Consumer Cyclical,Auto Parts,Asahi India Glass Limited,INR,INR,2026-03-31,2026-03-31,48828300000.0,Total Revenue,6775000000.0,Operating Income,6497900000.0,EBIT,3447000000.0,Net Income,23296900000.0,Current Assets,16315500000.0,Current Liabilities,2413300000.0,Cash Cash Equivalents And Short Term Investments,5201200000.0,Current Debt And Capital Lease Obligation,21979600000.0,Total Debt,48991600000.0,Net PPE,20800000.0,Minority Interest,,,1.0,,
ASHOKLEY.NS,,Industrials,Farm & Heavy Construction Machinery,Ashok Leyland Limited,INR,INR,2026-03-31,2026-03-31,560760300000.0,Total Revenue,110013600000.0,Operating Income,98594400000.0,EBIT,34710300000.0,Net Income,437423200000.0,Current Assets,331176800000.0,Current Liabilities,170057900000.0,Cash Cash Equivalents And Short Term Investments,177169700000.0,Current Debt And Capital Lease Obligation,639357000000.0,Total Debt,85355700000.0,Net PPE,43045500000.0,Minority Interest,,,1.0,,
ASIANPAINT.NS,2325766995968.0,Basic Materials,Specialty Chemicals,Asian Paints Limited,INR,INR,2026-03-31,2026-03-31,355409000000.0,Total Revenue,56071900000.0,Operating Income,61988500000.0,EBIT,43253500000.0,Net Income,201846400000.0,Current Assets,91370300000.0,Current Liabilities,86016400000.0,Cash Cash Equivalents And Short Term Investments,13748200000.0,Current Debt And Capital Lease Obligation,39289300000.0,Total Debt,110997800000.0,Net PPE,6433900000.0,Minority Interest,,,1.0,,
ASTERDM.NS,651488002048.0,Healthcare,Medical Care Facilities,Aster DM Quality Care Limited,INR,INR,2026-03-31,2026-03-31,45777200000.0,Total Revenue,6508500000.0,Operating Income,6682200000.0,EBIT,3881400000.0,Net Income,19477900000.0,Current Assets,9791600000.0,Current Liabilities,11514200000.0,Cash Cash Equivalents And Short Term Investments,1723900000.0,Current Debt And Capital Lease Obligation,22196600000.0,Total Debt,43708700000.0,Net PPE,2578400000.0,Minority Interest,,,1.0,,
ASTRAL.NS,369501470720.0,Industrials,Building Products & Equipment,Astral Limited,INR,INR,2026-03-31,2026-03-31,65536000000.0,Total Revenue,7703000000.0,Operating Income,7574000000.0,EBIT,5366000000.0,Net Income,26391000000.0,Current Assets,14978000000.0,Current Liabilities,9446000000.0,Cash Cash Equivalents And Short Term Investments,960000000.0,Current Debt And Capital Lease Obligation,2503000000.0,Total Debt,26977000000.0,Net PPE,0.0,Minority Interest,,,1.0,,
ATHERENERG.NS,584988884992.0,Consumer Cyclical,Auto Manufacturers,Ather Energy Limited,INR,INR,2026-03-31,2026-03-31,36625200000.0,Total Revenue,-5734700000.0,Operating Income,-4467100000.0,EBIT,-5171700000.0,Net Income,33749000000.0,Current Assets,13952400000.0,Current Liabilities,24544900000.0,Cash Cash Equivalents And Short Term Investments,1761800000.0,Current Debt And Capital Lease Obligation,6642200000.0,Total Debt,7498600000.0,Net PPE,,,,,1.0,,
ATUL.NS,176797745152.0,Basic Materials,Specialty Chemicals,Atul Ltd,INR,INR,2026-03-31,2026-03-31,62031100000.0,Total Revenue,7159200000.0,Operating Income,9166700000.0,EBIT,6779000000.0,Net Income,40556000000.0,Current Assets,11220500000.0,Current Liabilities,17399100000.0,Cash Cash Equivalents And Short Term Investments,194500000.0,Current Debt And Capital Lease Obligation,1830200000.0,Total Debt,27440500000.0,Net PPE,745700000.0,Minority Interest,,,1.0,,
AUROPHARMA.NS,977049223168.0,Healthcare,Drug Manufacturers - Specialty & Generic,Aurobindo Pharma Limited,INR,INR,2026-03-31,2026-03-31,333847400000.0,Total Revenue,51928700000.0,Operating Income,54641600000.0,EBIT,35047500000.0,Net Income,327087500000.0,Current Assets,180390100000.0,Current Liabilities,105793500000.0,Cash Cash Equivalents And Short Term Investments,69771500000.0,Current Debt And Capital Lease Obligation,80728400000.0,Total Debt,176089700000.0,Net PPE,-81600000.0,Minority Interest,,,1.0,,
AIIL.NS,466521980928.0,Financial Services,Capital Markets,Authum Investment & Infrastructure Limited,INR,INR,2026-03-31,2026-03-31,12983100000.0,Total Revenue,21944600000.0,Operating Income,22946500000.0,EBIT,19293500000.0,Net Income,21541000000.0,Current Assets,41494400000.0,Current Liabilities,13598000000.0,Cash Cash Equivalents And Short Term Investments,33025600000.0,Current Debt And Capital Lease Obligation,35979700000.0,Total Debt,2563300000.0,Net PPE,380200000.0,Minority Interest,,,1.0,,
DMART.NS,2485578891264.0,Consumer Defensive,Discount Stores,Avenue Supermarts Limited,INR,INR,2026-03-31,2026-03-31,686845000000.0,Total Revenue,41517700000.0,Operating Income,42233900000.0,EBIT,29704900000.0,Net Income,74777800000.0,Current Assets,37822600000.0,Current Liabilities,7701200000.0,Cash Cash Equivalents And Short Term Investments,12824500000.0,Current Debt And Capital Lease Obligation,24249900000.0,Total Debt,212683200000.0,Net PPE,-16800000.0,Minority Interest,,,1.0,,
AXISBANK.NS,3766178545664.0,Financial Services,Banks - Regional,Axis Bank Limited,INR,INR,2026-03-31,2026-03-31,880673100000.0,Total Revenue,,,,,263848500000.0,Net Income,,,,,1180410900000.0,Cash And Cash Equivalents,,,2805106200000.0,Total Debt,67560300000.0,Net PPE,7981900000.0,Minority Interest,,,1.0,,
BEML.NS,165203738624.0,Industrials,Conglomerates,BEML Limited,INR,INR,2026-03-31,2026-03-31,41542172000.0,Total Revenue,2203742000.0,Operating Income,2448717000.0,EBIT,1415716000.0,Net Income,57708685000.0,Current Assets,28656593000.0,Current Liabilities,357803000.0,Cash Cash Equivalents And Short Term Investments,6816484000.0,Current Debt And Capital Lease Obligation,6966436000.0,Total Debt,9227766000.0,Net PPE,-6998000.0,Minority Interest,,,1.0,,
BLS.NS,91604852736.0,Industrials,Specialty Business Services,BLS International Services Limited,INR,INR,2026-03-31,2026-03-31,29982151000.0,Total Revenue,7557284000.0,Operating Income,8203592000.0,EBIT,6867119000.0,Net Income,18257525000.0,Current Assets,6259180000.0,Current Liabilities,15137956700.0,Cash Cash Equivalents And Short Term Investments,1032062000.0,Current Debt And Capital Lease Obligation,4305752000.0,Total Debt,4576921000.0,Net PPE,3202000000.0,Minority Interest,,,1.0,,
BSE.NS,1279184732160.0,Financial Services,Financial Data & Stock Exchanges,BSE Limited,INR,INR,2026-03-31,2026-03-31,44854400000.0,Total Revenue,29540800000.0,Operating Income,32993000000.0,EBIT,24969800000.0,Net Income,82171400000.0,Current Assets,53704900000.0,Current Liabilities,39187400000.0,Cash Cash Equivalents And Short Term Investments,28100000.0,Current Debt And Capital Lease Obligation,28300000.0,Total Debt,5951400000.0,Net PPE,1224900000.0,Minority Interest,,,1.0,,
BAJAJ-AUTO.NS,3039330566144.0,Consumer Cyclical,Auto Manufacturers,Bajaj Auto Limited,INR,INR,2026-03-31,2026-03-31,603864300000.0,Total Revenue,128576800000.0,Operating Income,151191400000.0,EBIT,107442100000.0,Net Income,340517300000.0,Current Assets,193381600000.0,Current Liabilities,110935800000.0,Cash Cash Equivalents And Short Term Investments,68318400000.0,Current Debt And Capital Lease Obligation,226398500000.0,Total Debt,78476300000.0,Net PPE,13884300000.0,Minority Interest,,,1.0,,
BAJFINANCE.NS,6106448396288.0,Financial Services,Credit Services,Bajaj Finance Limited,INR,INR,2026-03-31,2026-03-31,496654500000.0,Total Revenue,,,,,190173900000.0,Net Income,,,,,40161800000.0,Cash And Cash Equivalents,,,3528467100000.0,Total Debt,29272500000.0,Net PPE,29865200000.0,Minority Interest,,,1.0,,
BAJAJFINSV.NS,2811950006272.0,Financial Services,Financial Conglomerates,Bajaj Finserv Ltd.,INR,INR,2026-03-31,2026-03-31,1371476300000.0,Total Revenue,,,551149300000.0,EBIT,98009700000.0,Net Income,,,,,954036300000.0,Cash Cash Equivalents And Short Term Investments,390180700000.0,Current Debt And Capital Lease Obligation,3613785100000.0,Total Debt,54137900000.0,Net PPE,630507500000.0,Minority Interest,,,1.0,,
BAJAJHLDNG.NS,1208313708544.0,Financial Services,Asset Management,Bajaj Holdings & Investment Limited,INR,INR,2026-03-31,2026-03-31,87291800000.0,Total Revenue,,,,,96367500000.0,Net Income,,,,,118200000.0,Cash And Cash Equivalents,,,96200000.0,Total Debt,165800000.0,Net PPE,92679200000.0,Minority Interest,,,1.0,,
BAJAJHFL.NS,687531098112.0,Financial Services,Mortgage Finance,Bajaj Housing Finance Limited,INR,INR,2026-03-31,2026-03-31,108387000000.0,Total Revenue,32558200000.0,Operating Income,33243900000.0,EBIT,25603400000.0,Net Income,61198000000.0,Current Assets,261471100000.0,Current Liabilities,7424900000.0,Cash Cash Equivalents And Short Term Investments,253801500000.0,Current Debt And Capital Lease Obligation,1036567900000.0,Total Debt,1109500000.0,Net PPE,,,,,1.0,,
BALKRISIND.NS,416772489216.0,Consumer Cyclical,Auto Parts,Balkrishna Industries Limited,INR,INR,2026-03-31,2026-03-31,107296100000.0,Total Revenue,18157100000.0,Operating Income,17505500000.0,EBIT,12431000000.0,Net Income,51544700000.0,Current Assets,50890000000.0,Current Liabilities,13884000000.0,Cash Cash Equivalents And Short Term Investments,32187500000.0,Current Debt And Capital Lease Obligation,41108200000.0,Total Debt,106928600000.0,Net PPE,,,,,1.0,,
BALRAMCHIN.NS,145124147200.0,Consumer Defensive,Confectioners,Balrampur Chini Mills Limited,INR,INR,2026-03-31,2026-03-31,62711465000.0,Total Revenue,5852386000.0,Operating Income,6369576000.0,EBIT,3784634000.0,Net Income,33836221000.0,Current Assets,30048347000.0,Current Liabilities,4412000.0,Cash Cash Equivalents And Short Term Investments,22612709000.0,Current Debt And Capital Lease Obligation,31700360000.0,Total Debt,45468828000.0,Net PPE,,,,,1.0,,
BANDHANBNK.NS,295371669504.0,Financial Services,Banks - Regional,Bandhan Bank Limited,INR,INR,2026-03-31,2026-03-31,135640247000.0,Total Revenue,,,,,12235627000.0,Net Income,,,,,167252763000.0,Cash And Cash Equivalents,,,143028132000.0,Total Debt,14012955000.0,Net PPE,,,,,1.0,,
BANKBARODA.NS,1188482514944.0,Financial Services,Banks - Regional,Bank of Baroda Limited,INR,INR,2026-03-31,2026-03-31,748702056000.0,Total Revenue,,,,,198464251000.0,Net Income,,,,,1608231198000.0,Cash And Cash Equivalents,,,1552965929000.0,Total Debt,121970522000.0,Net PPE,14981101000.0,Minority Interest,,,1.0,,
BANKINDIA.NS,602591068160.0,Financial Services,Banks - Regional,Bank of India,INR,INR,2026-03-31,2026-03-31,325981955000.0,Total Revenue,,,,,103062992000.0,Net Income,,,,,995893806000.0,Cash And Cash Equivalents,,,1066258884000.0,Total Debt,118770949000.0,Net PPE,1783150000.0,Minority Interest,,,1.0,,
MAHABANK.NS,626630983680.0,Financial Services,Banks - Regional,Bank of Maharashtra,INR,INR,2026-03-31,2026-03-31,158019124000.0,Total Revenue,,,,,70168561000.0,Net Income,,,,,277455995000.0,Cash And Cash Equivalents,,,352335755000.0,Total Debt,29617921000.0,Net PPE,0.0,Minority Interest,,,1.0,,
BATAINDIA.NS,80696008704.0,Consumer Cyclical,Footwear & Accessories,Bata India Limited,INR,INR,2026-03-31,2026-03-31,35139540000.0,Total Revenue,3299340000.0,Operating Income,3166480000.0,EBIT,1342040000.0,Net Income,16518210000.0,Current Assets,9599390000.0,Current Liabilities,5264060000.0,Cash Cash Equivalents And Short Term Investments,3540660000.0,Current Debt And Capital Lease Obligation,13865700000.0,Total Debt,14466510000.0,Net PPE,,,,,1.0,,
BAYERCROP.NS,164227383296.0,Basic Materials,Agricultural Inputs,Bayer CropScience Limited,INR,INR,2026-03-31,2026-03-31,54980000000.0,Total Revenue,7839000000.0,Operating Income,8747000000.0,EBIT,6892000000.0,Net Income,49183000000.0,Current Assets,25675000000.0,Current Liabilities,14720000000.0,Cash Cash Equivalents And Short Term Investments,430000000.0,Current Debt And Capital Lease Obligation,818000000.0,Total Debt,4087000000.0,Net PPE,,,,,1.0,,
BELRISE.NS,244882866176.0,Consumer Cyclical,Auto Parts,Belrise Industries Limited,INR,INR,2026-03-31,2026-03-31,93358360000.0,Total Revenue,7928200000.0,Operating Income,8818260000.0,EBIT,4968600000.0,Net Income,48174570000.0,Current Assets,24423090000.0,Current Liabilities,8060080000.0,Cash Cash Equivalents And Short Term Investments,7228670000.0,Current Debt And Capital Lease Obligation,15208430000.0,Total Debt,34964810000.0,Net PPE,0.0,Minority Interest,,,1.0,,
BERGEPAINT.NS,534437396480.0,Basic Materials,Specialty Chemicals,Berger Paints India Limited,INR,INR,2026-03-31,2026-03-31,117896800000.0,Total Revenue,14855300000.0,Operating Income,15456700000.0,EBIT,11268700000.0,Net Income,54271000000.0,Current Assets,25658800000.0,Current Liabilities,12799400000.0,Cash Cash Equivalents And Short Term Investments,2357400000.0,Current Debt And Capital Lease Obligation,6351300000.0,Total Debt,37519400000.0,Net PPE,137400000.0,Minority Interest,,,1.0,,
BDL.NS,411649671168.0,Industrials,Aerospace & Defense,Bharat Dynamics Limited,INR,INR,2026-03-31,2026-03-31,24153596000.0,Total Revenue,1486419000.0,Operating Income,5698172000.0,EBIT,4203376000.0,Net Income,127569704000.0,Current Assets,63458214000.0,Current Liabilities,46943149000.0,Cash Cash Equivalents And Short Term Investments,3152000.0,Current Debt And Capital Lease Obligation,3152000.0,Total Debt,10152503000.0,Net PPE,,,,,1.0,,
BEL.NS,2826691674112.0,Industrials,Aerospace & Defense,Bharat Electronics Limited,INR,INR,2026-03-31,2026-03-31,267964700000.0,Total Revenue,77923300000.0,Operating Income,80594600000.0,EBIT,60620000000.0,Net Income,380568700000.0,Current Assets,192597500000.0,Current Liabilities,85845200000.0,Cash Cash Equivalents And Short Term Investments,30300000.0,Current Debt And Capital Lease Obligation,654600000.0,Total Debt,39789300000.0,Net PPE,188300000.0,Minority Interest,,,1.0,,
BHARATFORG.NS,961459519488.0,Industrials,Metal Fabrication,Bharat Forge Limited,INR,INR,2026-03-31,2026-03-31,162238060000.0,Total Revenue,19573370000.0,Operating Income,19787220000.0,EBIT,10796610000.0,Net Income,112028560000.0,Current Assets,95814400000.0,Current Liabilities,21527380000.0,Cash Cash Equivalents And Short Term Investments,51263410000.0,Current Debt And Capital Lease Obligation,73086150000.0,Total Debt,91686050000.0,Net PPE,-230160000.0,Minority Interest,,,1.0,,
BHEL.NS,1428864761856.0,Industrials,Specialty Industrial Machinery,Bharat Heavy Electricals Limited,INR,INR,2026-03-31,2026-03-31,323598300000.0,Total Revenue,16028400000.0,Operating Income,28943400000.0,EBIT,16002600000.0,Net Income,514553500000.0,Current Assets,323021800000.0,Current Liabilities,108494000000.0,Cash Cash Equivalents And Short Term Investments,80187700000.0,Current Debt And Capital Lease Obligation,81869500000.0,Total Debt,33371300000.0,Net PPE,,,,,1.0,,
BPCL.NS,1296943153152.0,Energy,Oil & Gas Refining & Marketing,Bharat Petroleum Corporation Limited,INR,INR,2026-03-31,2026-03-31,4503026700000.0,Total Revenue,375681600000.0,Operating Income,377397600000.0,EBIT,258434500000.0,Net Income,837188700000.0,Current Assets,1054524200000.0,Current Liabilities,196356200000.0,Cash Cash Equivalents And Short Term Investments,226045000000.0,Current Debt And Capital Lease Obligation,544244200000.0,Total Debt,1099188900000.0,Net PPE,0.0,Minority Interest,,,1.0,,
BHARTIARTL.NS,11085472071680.0,Communication Services,Telecom Services,Bharti Airtel Limited,INR,INR,2026-03-31,2026-03-31,2109728000000.0,Total Revenue,678271000000.0,Operating Income,630153000000.0,EBIT,266952000000.0,Net Income,902154000000.0,Current Assets,1745057000000.0,Current Liabilities,501982000000.0,Cash Cash Equivalents And Short Term Investments,308272000000.0,Current Debt And Capital Lease Obligation,1954117000000.0,Total Debt,2384591000000.0,Net PPE,469068000000.0,Minority Interest,,,1.0,,
BHARTIHEXA.NS,722400051200.0,Communication Services,Telecom Services,Bharti Hexacom Limited,INR,INR,2026-03-31,2026-03-31,93538000000.0,Total Revenue,28614000000.0,Operating Income,27716000000.0,EBIT,17332000000.0,Net Income,22250000000.0,Current Assets,59196000000.0,Current Liabilities,14922000000.0,Cash Cash Equivalents And Short Term Investments,5348000000.0,Current Debt And Capital Lease Obligation,58587000000.0,Total Debt,87445000000.0,Net PPE,,,,,1.0,,
BIKAJI.NS,141816496128.0,Consumer Defensive,Packaged Foods,Bikaji Foods International Limited,INR,INR,2026-03-31,2026-03-31,29347432000.0,Total Revenue,3324087000.0,Operating Income,3551586000.0,EBIT,2582632000.0,Net Income,8659403000.0,Current Assets,3510040000.0,Current Liabilities,2423302000.0,Cash Cash Equivalents And Short Term Investments,2230436000.0,Current Debt And Capital Lease Obligation,2993338000.0,Total Debt,11133243000.0,Net PPE,1004157000.0,Minority Interest,,,1.0,,
GROWW.NS,1134358822912.0,Financial Services,Capital Markets,Billionbrains Garage Ventures Limited,INR,INR,2026-03-31,2026-03-31,42703780000.0,Total Revenue,24647130000.0,Operating Income,28649350000.0,EBIT,20830000000.0,Net Income,143365530000.0,Current Assets,87660130000.0,Current Liabilities,25879710000.0,Cash Cash Equivalents And Short Term Investments,2364420000.0,Current Debt And Capital Lease Obligation,2922250000.0,Total Debt,884570000.0,Net PPE,,,0.0,Preferred Stock,1.0,,
BIOCON.NS,,Healthcare,Biotechnology,Biocon Limited,INR,INR,2026-03-31,2026-03-31,167799000000.0,Total Revenue,17221000000.0,Operating Income,14127000000.0,EBIT,3856000000.0,Net Income,171798000000.0,Current Assets,140692000000.0,Current Liabilities,40426000000.0,Cash Cash Equivalents And Short Term Investments,41508000000.0,Current Debt And Capital Lease Obligation,154341000000.0,Total Debt,147341000000.0,Net PPE,25897000000.0,Minority Interest,,,1.0,,
BSOFT.NS,76791078912.0,Technology,Information Technology Services,Birlasoft Limited,INR,INR,2026-03-31,2026-03-31,53099580000.0,Total Revenue,8027280000.0,Operating Income,8098400000.0,EBIT,5183570000.0,Net Income,39171010000.0,Current Assets,9121960000.0,Current Liabilities,24427440000.0,Cash Cash Equivalents And Short Term Investments,302400000.0,Current Debt And Capital Lease Obligation,1407410000.0,Total Debt,2351550000.0,Net PPE,,,,,1.0,,
BLUEDART.NS,112086007808.0,Industrials,Integrated Freight & Logistics,Blue Dart Express Limited,INR,INR,2026-03-31,2026-03-31,61408800000.0,Total Revenue,4397000000.0,Operating Income,4123900000.0,EBIT,2473900000.0,Net Income,17518000000.0,Current Assets,16911600000.0,Current Liabilities,6508700000.0,Cash Cash Equivalents And Short Term Investments,4859800000.0,Current Debt And Capital Lease Obligation,11421200000.0,Total Debt,20296500000.0,Net PPE,,,,,1.0,,
BLUEJET.NS,97591640064.0,Healthcare,Biotechnology,Blue Jet Healthcare Limited,INR,INR,2026-03-31,2026-03-31,9444330000.0,Total Revenue,2700970000.0,Operating Income,3387500000.0,EBIT,2478160000.0,Net Income,9570210000.0,Current Assets,2274560000.0,Current Liabilities,3233990000.0,Cash Cash Equivalents And Short Term Investments,46040000.0,Current Debt And Capital Lease Obligation,421840000.0,Total Debt,6285720000.0,Net PPE,,,,,1.0,,
BLUESTARCO.NS,325103648768.0,Industrials,Building Products & Equipment,Blue Star Limited,INR,INR,2026-03-31,2026-03-31,122500200000.0,Total Revenue,7901000000.0,Operating Income,7663000000.0,EBIT,5276800000.0,Net Income,63882700000.0,Current Assets,48662600000.0,Current Liabilities,8662000000.0,Cash Cash Equivalents And Short Term Investments,6862400000.0,Current Debt And Capital Lease Obligation,8099900000.0,Total Debt,16172200000.0,Net PPE,24500000.0,Minority Interest,,,1.0,,
BBTC.NS,99173785600.0,Consumer Defensive,Packaged Foods,The Bombay Burmah Trading Corporation Limited,INR,INR,2026-03-31,2026-03-31,192410500000.0,Total Revenue,31419100000.0,Operating Income,34886200000.0,EBIT,12426700000.0,Net Income,53526900000.0,Current Assets,45035700000.0,Current Liabilities,24376900000.0,Cash Cash Equivalents And Short Term Investments,12764600000.0,Current Debt And Capital Lease Obligation,15904300000.0,Total Debt,28081500000.0,Net PPE,25562300000.0,Minority Interest,,,1.0,,
BOSCHLTD.NS,,Consumer Cyclical,Auto Parts,Bosch Limited,INR,INR,2026-03-31,2026-03-31,195947000000.0,Total Revenue,22378000000.0,Operating Income,36590000000.0,EBIT,27732000000.0,Net Income,129233000000.0,Current Assets,65709000000.0,Current Liabilities,63258000000.0,Cash Cash Equivalents And Short Term Investments,93000000.0,Current Debt And Capital Lease Obligation,1188000000.0,Total Debt,14931000000.0,Net PPE,,,,,1.0,,
FIRSTCRY.NS,89128214528.0,Consumer Cyclical,Internet Retail,Brainbees Solutions Limited,INR,INR,2026-03-31,2026-03-31,83105500000.0,Total Revenue,-1448320000.0,Operating Income,-138940000.0,EBIT,-1402230000.0,Net Income,45607900000.0,Current Assets,21285360000.0,Current Liabilities,14136290000.0,Cash Cash Equivalents And Short Term Investments,6119910000.0,Current Debt And Capital Lease Obligation,15939040000.0,Total Debt,17986160000.0,Net PPE,5287560000.0,Minority Interest,,,1.0,,
BRIGADE.NS,192109641728.0,Real Estate,Real Estate - Development,Brigade Enterprises Limited,INR,INR,2026-03-31,2026-03-31,56600800000.0,Total Revenue,11260200000.0,Operating Income,12976800000.0,EBIT,6443900000.0,Net Income,161136500000.0,Current Assets,129800800000.0,Current Liabilities,26894200000.0,Cash Cash Equivalents And Short Term Investments,12461100000.0,Current Debt And Capital Lease Obligation,68736000000.0,Total Debt,13852600000.0,Net PPE,7038000000.0,Minority Interest,,,1.0,,
BRITANNIA.NS,1175919001600.0,Consumer Defensive,Packaged Foods,Britannia Industries Limited,INR,INR,2026-03-31,2026-03-31,188582100000.0,Total Revenue,32080400000.0,Operating Income,33985300000.0,EBIT,25334900000.0,Net Income,46776600000.0,Current Assets,41799900000.0,Current Liabilities,19489400000.0,Cash Cash Equivalents And Short Term Investments,10921900000.0,Current Debt And Capital Lease Obligation,13976100000.0,Total Debt,27192500000.0,Net PPE,293200000.0,Minority Interest,,,1.0,,
MAPMYINDIA.NS,47587356672.0,Technology,Software - Infrastructure,C. E. Info Systems Limited,INR,INR,2026-03-31,2026-03-31,4741000000.0,Total Revenue,1486600000.0,Operating Income,1903700000.0,EBIT,1341600000.0,Net Income,5667100000.0,Current Assets,1152900000.0,Current Liabilities,3326200000.0,Cash Cash Equivalents And Short Term Investments,50700000.0,Current Debt And Capital Lease Obligation,70400000.0,Total Debt,414000000.0,Net PPE,2800000.0,Minority Interest,,,1.0,,
CCL.NS,137971269632.0,Consumer Defensive,Packaged Foods,CCL Products (India) Limited,INR,INR,2026-03-31,2026-03-31,44573734000.0,Total Revenue,5060245000.0,Operating Income,5826595000.0,EBIT,3881060000.0,Net Income,22092744000.0,Current Assets,14858338000.0,Current Liabilities,2165155000.0,Cash Cash Equivalents And Short Term Investments,9144694000.0,Current Debt And Capital Lease Obligation,13243603000.0,Total Debt,20307898000.0,Net PPE,,,,,1.0,,
CESC.NS,181377810432.0,Utilities,Utilities - Regulated Electric,CESC Limited,INR,INR,2026-03-31,2026-03-31,185703400000.0,Total Revenue,24420200000.0,Operating Income,35815400000.0,EBIT,15419900000.0,Net Income,97446000000.0,Current Assets,105839600000.0,Current Liabilities,56035100000.0,Cash Cash Equivalents And Short Term Investments,60709200000.0,Current Debt And Capital Lease Obligation,216705700000.0,Total Debt,262728400000.0,Net PPE,6585100000.0,Minority Interest,,,1.0,,
CGPOWER.NS,1381213011968.0,Industrials,Electrical Equipment & Parts,CG Power and Industrial Solutions Limited,INR,INR,2026-03-31,2026-03-31,122796800000.0,Total Revenue,14452300000.0,Operating Income,16384000000.0,EBIT,12062700000.0,Net Income,80041500000.0,Current Assets,41997800000.0,Current Liabilities,29912600000.0,Cash Cash Equivalents And Short Term Investments,335200000.0,Current Debt And Capital Lease Obligation,1185100000.0,Total Debt,20597000000.0,Net PPE,2277700000.0,Minority Interest,,,1.0,,
CIEINDIA.NS,146301091840.0,Consumer Cyclical,Auto Parts,CIE Automotive India Limited,INR,INR,2025-12-31,2025-12-31,91223350000.0,Total Revenue,10386580000.0,Operating Income,11035170000.0,EBIT,8281720000.0,Net Income,37978840000.0,Current Assets,25391360000.0,Current Liabilities,16335990000.0,Cash Cash Equivalents And Short Term Investments,2205030000.0,Current Debt And Capital Lease Obligation,4258800000.0,Total Debt,33224230000.0,Net PPE,,,,,1.0,,
CRISIL.NS,337458462720.0,Financial Services,Financial Data & Stock Exchanges,CRISIL Limited,INR,INR,2025-12-31,2025-12-31,36490100000.0,Total Revenue,9571800000.0,Operating Income,10632500000.0,EBIT,7660100000.0,Net Income,22696500000.0,Current Assets,12063000000.0,Current Liabilities,13526700000.0,Cash Cash Equivalents And Short Term Investments,496300000.0,Current Debt And Capital Lease Obligation,2968100000.0,Total Debt,4550800000.0,Net PPE,,,,,1.0,,
CANFINHOME.NS,98700845056.0,Financial Services,Mortgage Finance,Can Fin Homes Limited,INR,INR,2026-03-31,2026-03-31,16465974000.0,Total Revenue,,,,,10857523000.0,Net Income,,,,,69383000.0,Cash And Cash Equivalents,,,380703520000.0,Total Debt,498750000.0,Net PPE,,,,,1.0,,
CANBK.NS,1106075189248.0,Financial Services,Banks - Regional,Canara Bank,INR,INR,2026-03-31,2026-03-31,641752896000.0,Total Revenue,,,,,197059095000.0,Net Income,,,,,2063304304000.0,Cash And Cash Equivalents,,,1205076626000.0,Total Debt,105952056000.0,Net PPE,729110000.0,Minority Interest,,,1.0,,
CANHLIFE.NS,139687690240.0,Financial Services,Insurance - Life,Canara HSBC Life Insurance Company Limited,INR,INR,2026-03-31,2026-03-31,112416500000.0,Total Revenue,,,1501000000.0,EBIT,1266100000.0,Net Income,,,,,7833000000.0,Cash Cash Equivalents And Short Term Investments,,,2500000000.0,Total Debt,243400000.0,Net PPE,,,,,1.0,,
CAPLIPOINT.NS,216610521088.0,Healthcare,Drug Manufacturers - Specialty & Generic,Caplin Point Laboratories Limited,INR,INR,2026-03-31,2026-03-31,21713800000.0,Total Revenue,6946400000.0,Operating Income,8036600000.0,EBIT,6412400000.0,Net Income,25856600000.0,Current Assets,3859600000.0,Current Liabilities,9917600000.0,Cash Cash Equivalents And Short Term Investments,25500000.0,Current Debt And Capital Lease Obligation,46100000.0,Total Debt,7597600000.0,Net PPE,443800000.0,Minority Interest,,,1.0,,
CGCL.NS,240923344896.0,Financial Services,Credit Services,Capri Global Capital Limited,INR,INR,2026-03-31,2026-03-31,47100680000.0,Total Revenue,14430200000.0,Operating Income,12944810000.0,EBIT,9491520000.0,Net Income,108645330000.0,Current Assets,84826570000.0,Current Liabilities,34057610000.0,Cash Cash Equivalents And Short Term Investments,73540650000.0,Current Debt And Capital Lease Obligation,241120980000.0,Total Debt,3391580000.0,Net PPE,,,,,1.0,,
CARBORUNIV.NS,239808184320.0,Industrials,Conglomerates,Carborundum Universal Limited,INR,INR,2026-03-31,2026-03-31,51493850000.0,Total Revenue,3439530000.0,Operating Income,2998490000.0,EBIT,1947240000.0,Net Income,28406780000.0,Current Assets,10646480000.0,Current Liabilities,6984370000.0,Cash Cash Equivalents And Short Term Investments,1876140000.0,Current Debt And Capital Lease Obligation,3034900000.0,Total Debt,15446520000.0,Net PPE,1084830000.0,Minority Interest,,,1.0,,
CARTRADE.NS,141051215872.0,Consumer Cyclical,Auto & Truck Dealerships,CarTrade Tech Limited,INR,INR,2026-03-31,2026-03-31,7744982000.0,Total Revenue,2210461000.0,Operating Income,3023077000.0,EBIT,2229995000.0,Net Income,12349707000.0,Current Assets,2575590000.0,Current Liabilities,10374626000.0,Cash Cash Equivalents And Short Term Investments,309912000.0,Current Debt And Capital Lease Obligation,1404294000.0,Total Debt,1988611000.0,Net PPE,1350474000.0,Minority Interest,,,1.0,,
CASTROLIND.NS,199802716160.0,Energy,Oil & Gas Refining & Marketing,Castrol India Limited,INR,INR,2025-12-31,2025-12-31,57003200000.0,Total Revenue,12490900000.0,Operating Income,12916000000.0,EBIT,9499300000.0,Net Income,23446800000.0,Current Assets,14082300000.0,Current Liabilities,11231300000.0,Cash Cash Equivalents And Short Term Investments,212700000.0,Current Debt And Capital Lease Obligation,628100000.0,Total Debt,4047700000.0,Net PPE,,,,,1.0,,
CEATLTD.NS,133723955200.0,Consumer Cyclical,Auto Parts,CEAT Limited,INR,INR,2026-03-31,2026-03-31,154795100000.0,Total Revenue,13661900000.0,Operating Income,13240500000.0,EBIT,6980200000.0,Net Income,43614300000.0,Current Assets,64132100000.0,Current Liabilities,402400000.0,Cash Cash Equivalents And Short Term Investments,16100800000.0,Current Debt And Capital Lease Obligation,32720900000.0,Total Debt,87518600000.0,Net PPE,80200000.0,Minority Interest,,,1.0,,
CEMPRO.NS,213858369536.0,Industrials,Engineering & Construction,Cemindia Projects Limited,INR,INR,2026-03-31,2026-03-31,100605800000.0,Total Revenue,8583400000.0,Operating Income,9572900000.0,EBIT,5977300000.0,Net Income,56305400000.0,Current Assets,45072000000.0,Current Liabilities,6337800000.0,Cash Cash Equivalents And Short Term Investments,8852300000.0,Current Debt And Capital Lease Obligation,10012300000.0,Total Debt,12030400000.0,Net PPE,,,,,1.0,,
CENTRALBK.NS,278692659200.0,Financial Services,Banks - Regional,Central Bank of India,INR,INR,2026-03-31,2026-03-31,206607924000.0,Total Revenue,,,,,45237874000.0,Net Income,,,,,378347014000.0,Cash And Cash Equivalents,,,186542048000.0,Total Debt,51255146000.0,Net PPE,921786000.0,Minority Interest,,,1.0,,
CDSL.NS,272034398208.0,Financial Services,Capital Markets,Central Depository Services (India) Limited,INR,INR,2026-03-31,2026-03-31,11449187000.0,Total Revenue,5218073000.0,Operating Income,6091590000.0,EBIT,4561318000.0,Net Income,10820770000.0,Current Assets,3709427000.0,Current Liabilities,8635962000.0,Cash Cash Equivalents And Short Term Investments,11631000.0,Current Debt And Capital Lease Obligation,21998000.0,Total Debt,4691983000.0,Net PPE,424607000.0,Minority Interest,,,1.0,,
CHALET.NS,,Consumer Cyclical,Lodging,Chalet Hotels Limited,INR,INR,2026-03-31,2026-03-31,27697530000.0,Total Revenue,9678570000.0,Operating Income,9989910000.0,EBIT,6451090000.0,Net Income,9031320000.0,Current Assets,12866430000.0,Current Liabilities,2059210000.0,Cash Cash Equivalents And Short Term Investments,4467540000.0,Current Debt And Capital Lease Obligation,23676780000.0,Total Debt,35132190000.0,Net PPE,-6370000.0,Minority Interest,,,1.0,,
CHAMBLFERT.NS,167332429824.0,Basic Materials,Agricultural Inputs,Chambal Fertilisers and Chemicals Limited,INR,INR,2026-03-31,2026-03-31,207931100000.0,Total Revenue,23771100000.0,Operating Income,25797400000.0,EBIT,19533900000.0,Net Income,59621400000.0,Current Assets,25553000000.0,Current Liabilities,10300600000.0,Cash Cash Equivalents And Short Term Investments,9684200000.0,Current Debt And Capital Lease Obligation,10675000000.0,Total Debt,75645800000.0,Net PPE,-180600000.0,Minority Interest,,,1.0,,
CHENNPETRO.NS,211469058048.0,Energy,Oil & Gas Refining & Marketing,Chennai Petroleum Corporation Limited,INR,INR,2026-03-31,2026-03-31,635507500000.0,Total Revenue,44595400000.0,Operating Income,42824900000.0,EBIT,31027000000.0,Net Income,117279500000.0,Current Assets,72262400000.0,Current Liabilities,11686700000.0,Cash Cash Equivalents And Short Term Investments,16333400000.0,Current Debt And Capital Lease Obligation,19641600000.0,Total Debt,74897000000.0,Net PPE,,,,,1.0,,
CHOICEIN.NS,168842313728.0,Financial Services,Capital Markets,Choice International Limited,INR,INR,2026-03-31,2026-03-31,11207494000.0,Total Revenue,3908162000.0,Operating Income,4010558000.0,EBIT,2176628000.0,Net Income,26531553000.0,Current Assets,12854347000.0,Current Liabilities,3856230000.0,Cash Cash Equivalents And Short Term Investments,4825269000.0,Current Debt And Capital Lease Obligation,9076512000.0,Total Debt,1910884000.0,Net PPE,1522456000.0,Minority Interest,,,1.0,,
CHOLAHLDNG.NS,262418989056.0,Financial Services,Credit Services,Cholamandalam Financial Holdings Limited,INR,INR,2026-03-31,2026-03-31,406930500000.0,Total Revenue,65419800000.0,Operating Income,73783500000.0,EBIT,24412900000.0,Net Income,747939600000.0,Current Assets,881269800000.0,Current Liabilities,174401000000.0,Cash Cash Equivalents And Short Term Investments,775744500000.0,Current Debt And Capital Lease Obligation,2104000300000.0,Total Debt,20642900000.0,Net PPE,184258100000.0,Minority Interest,,,1.0,,
CHOLAFIN.NS,1395031408640.0,Financial Services,Credit Services,Cholamandalam Investment and Finance Company Limited,INR,INR,2026-03-31,2026-03-31,167523500000.0,Total Revenue,,,,,52326100000.0,Net Income,,,,,108897400000.0,Cash And Cash Equivalents,,,2116857500000.0,Total Debt,18718400000.0,Net PPE,,,,,1.0,,
CIPLA.NS,1120274087936.0,Healthcare,Drug Manufacturers - Specialty & Generic,Cipla Limited,INR,INR,2026-03-31,2026-03-31,277116900000.0,Total Revenue,48455200000.0,Operating Income,52718600000.0,EBIT,38792300000.0,Net Income,241470300000.0,Current Assets,70135900000.0,Current Liabilities,100281200000.0,Cash Cash Equivalents And Short Term Investments,2318200000.0,Current Debt And Capital Lease Obligation,6137700000.0,Total Debt,79827700000.0,Net PPE,882900000.0,Minority Interest,,,1.0,,
CUB.NS,211661881344.0,Financial Services,Banks - Regional,City Union Bank Limited,INR,INR,2026-03-31,2026-03-31,38649155000.0,Total Revenue,,,,,13262310000.0,Net Income,,,,,89270692000.0,Cash And Cash Equivalents,,,48267979000.0,Total Debt,4685320000.0,Net PPE,,,,,1.0,,
CLEAN.NS,83985711104.0,Basic Materials,Specialty Chemicals,Clean Science and Technology Limited,INR,INR,2026-03-31,2026-03-31,9421500000.0,Total Revenue,2796770000.0,Operating Income,3100240000.0,EBIT,2296550000.0,Net Income,8282980000.0,Current Assets,1652870000.0,Current Liabilities,3753260000.0,Cash Cash Equivalents And Short Term Investments,1720000.0,Current Debt And Capital Lease Obligation,21390000.0,Total Debt,8776400000.0,Net PPE,,,,,1.0,,
COALINDIA.NS,2621316530176.0,Energy,Thermal Coal,Coal India Limited,INR,INR,2026-03-31,2026-03-31,1664173000000.0,Total Revenue,316605900000.0,Operating Income,427807600000.0,EBIT,310942900000.0,Net Income,1255276100000.0,Current Assets,676511100000.0,Current Liabilities,601489400000.0,Cash Cash Equivalents And Short Term Investments,46640500000.0,Current Debt And Capital Lease Obligation,140721800000.0,Total Debt,1103052200000.0,Net PPE,19030100000.0,Minority Interest,,,1.0,,
COCHINSHIP.NS,356132454400.0,Industrials,Aerospace & Defense,Cochin Shipyard Limited,INR,INR,2026-03-31,2026-03-31,47745895000.0,Total Revenue,9761701000.0,Operating Income,10914103000.0,EBIT,7167395000.0,Net Income,106215989000.0,Current Assets,79811888000.0,Current Liabilities,2356284000.0,Cash Cash Equivalents And Short Term Investments,11127321000.0,Current Debt And Capital Lease Obligation,16717533000.0,Total Debt,37467878000.0,Net PPE,,,,,1.0,,
COFORGE.NS,786570805248.0,Technology,Information Technology Services,Coforge Limited,INR,INR,2026-03-31,2026-03-31,163906000000.0,Total Revenue,23303000000.0,Operating Income,20909000000.0,EBIT,15557000000.0,Net Income,59058000000.0,Current Assets,36694000000.0,Current Liabilities,10949000000.0,Cash Cash Equivalents And Short Term Investments,3924000000.0,Current Debt And Capital Lease Obligation,7278000000.0,Total Debt,12535000000.0,Net PPE,1430000000.0,Minority Interest,,,1.0,,
COHANCE.NS,174713077760.0,Healthcare,Drug Manufacturers - Specialty & Generic,Cohance Lifesciences Limited,INR,INR,2026-03-31,2026-03-31,22038100000.0,Total Revenue,2473500000.0,Operating Income,2416800000.0,EBIT,1792300000.0,Net Income,18279600000.0,Current Assets,6459300000.0,Current Liabilities,3201200000.0,Cash Cash Equivalents And Short Term Investments,1444400000.0,Current Debt And Capital Lease Obligation,4004900000.0,Total Debt,21698700000.0,Net PPE,1225400000.0,Minority Interest,,,1.0,,
COLPAL.NS,504451727360.0,Consumer Defensive,Household & Personal Products,Colgate-Palmolive (India) Limited,INR,INR,2026-03-31,2026-03-31,59835700000.0,Total Revenue,17266800000.0,Operating Income,17877500000.0,EBIT,13253100000.0,Net Income,22311100000.0,Current Assets,17430400000.0,Current Liabilities,14260400000.0,Cash Cash Equivalents And Short Term Investments,139600000.0,Current Debt And Capital Lease Obligation,474100000.0,Total Debt,7454300000.0,Net PPE,,,,,1.0,,
CAMS.NS,173743816704.0,Technology,Information Technology Services,Computer Age Management Services Limited,INR,INR,2026-03-31,2026-03-31,15162490000.0,Total Revenue,5923861000.0,Operating Income,6355370000.0,EBIT,4760057000.0,Net Income,12770249000.0,Current Assets,3727419000.0,Current Liabilities,8521590000.0,Cash Cash Equivalents And Short Term Investments,303229000.0,Current Debt And Capital Lease Obligation,642350000.0,Total Debt,1923962000.0,Net PPE,-458000.0,Minority Interest,,,1.0,,
CONCORDBIO.NS,148847951872.0,Healthcare,Biotechnology,Concord Biotech Limited,INR,INR,2026-03-31,2026-03-31,10463581000.0,Total Revenue,3048357000.0,Operating Income,3449292000.0,EBIT,2609059000.0,Net Income,12501118000.0,Current Assets,1690771000.0,Current Liabilities,4066253000.0,Cash Cash Equivalents And Short Term Investments,8822000.0,Current Debt And Capital Lease Obligation,23156000.0,Total Debt,8756689000.0,Net PPE,-19233000.0,Minority Interest,,,1.0,,
CONCOR.NS,346003013632.0,Industrials,Railroads,Container Corporation of India Limited,INR,INR,2026-03-31,2026-03-31,83937900000.0,Total Revenue,13365300000.0,Operating Income,17272400000.0,EBIT,12418000000.0,Net Income,47624000000.0,Current Assets,12146100000.0,Current Liabilities,34409700000.0,Cash Cash Equivalents And Short Term Investments,1813900000.0,Current Debt And Capital Lease Obligation,9402800000.0,Total Debt,89968300000.0,Net PPE,1100200000.0,Minority Interest,,,1.0,,
COROMANDEL.NS,562426216448.0,Basic Materials,Agricultural Inputs,Coromandel International Limited,INR,INR,2026-03-31,2026-03-31,202232100000.0,Total Revenue,28769700000.0,Operating Income,29374400000.0,EBIT,19561500000.0,Net Income,158470800000.0,Current Assets,104654400000.0,Current Liabilities,22944000000.0,Cash Cash Equivalents And Short Term Investments,58485500000.0,Current Debt And Capital Lease Obligation,65282900000.0,Total Debt,62754800000.0,Net PPE,5753000000.0,Minority Interest,,,1.0,,
CRAFTSMAN.NS,274490769408.0,Consumer Cyclical,Auto Parts,Craftsman Automation Limited,INR,INR,2026-03-31,2026-03-31,80043500000.0,Total Revenue,7958300000.0,Operating Income,8277100000.0,EBIT,3839900000.0,Net Income,36217500000.0,Current Assets,30648900000.0,Current Liabilities,1455700000.0,Cash Cash Equivalents And Short Term Investments,10047200000.0,Current Debt And Capital Lease Obligation,36234800000.0,Total Debt,48334200000.0,Net PPE,0.0,Minority Interest,,,1.0,,
CREDITACC.NS,203513593856.0,Financial Services,Credit Services,CreditAccess Grameen Limited,INR,INR,2026-03-31,2026-03-31,58332300000.0,Total Revenue,27660500000.0,Operating Income,11725500000.0,EBIT,7776400000.0,Net Income,182361700000.0,Current Assets,132552600000.0,Current Liabilities,24184500000.0,Cash Cash Equivalents And Short Term Investments,129290000000.0,Current Debt And Capital Lease Obligation,236411300000.0,Total Debt,1312400000.0,Net PPE,,,,,1.0,,
CROMPTON.NS,142015430656.0,Consumer Cyclical,"Furnishings, Fixtures & Appliances",Crompton Greaves Consumer Electricals Limited,INR,INR,2026-03-31,2026-03-31,80562000000.0,Total Revenue,6719000000.0,Operating Income,-571300000.0,EBIT,-2421700000.0,Net Income,33177200000.0,Current Assets,23273000000.0,Current Liabilities,11602200000.0,Cash Cash Equivalents And Short Term Investments,498200000.0,Current Debt And Capital Lease Obligation,1991700000.0,Total Debt,6538300000.0,Net PPE,4693600000.0,Minority Interest,,,1.0,,
CUMMINSIND.NS,1353706242048.0,Industrials,Specialty Industrial Machinery,Cummins India Limited,INR,INR,2026-03-31,2026-03-31,119497300000.0,Total Revenue,23971900000.0,Operating Income,30983600000.0,EBIT,23617500000.0,Net Income,81101800000.0,Current Assets,24397000000.0,Current Liabilities,39341300000.0,Cash Cash Equivalents And Short Term Investments,164800000.0,Current Debt And Capital Lease Obligation,365100000.0,Total Debt,14794600000.0,Net PPE,,,,,1.0,,
CYIENT.NS,111982125056.0,Industrials,Conglomerates,Cyient Limited,INR,INR,2026-03-31,2026-03-31,72682000000.0,Total Revenue,6600000000.0,Operating Income,7053000000.0,EBIT,4279000000.0,Net Income,46662000000.0,Current Assets,15932000000.0,Current Liabilities,16979000000.0,Cash Cash Equivalents And Short Term Investments,1777000000.0,Current Debt And Capital Lease Obligation,4311000000.0,Total Debt,7580000000.0,Net PPE,4814000000.0,Minority Interest,,,1.0,,
DCMSHRIRAM.NS,147901825024.0,Industrials,Conglomerates,DCM Shriram Limited,INR,INR,2026-03-31,2026-03-31,134605300000.0,Total Revenue,11713500000.0,Operating Income,11588100000.0,EBIT,8534400000.0,Net Income,55813400000.0,Current Assets,37344900000.0,Current Liabilities,9440200000.0,Cash Cash Equivalents And Short Term Investments,12371400000.0,Current Debt And Capital Lease Obligation,29231700000.0,Total Debt,79598100000.0,Net PPE,208600000.0,Minority Interest,,,1.0,,
DLF.NS,1659943911424.0,Real Estate,Real Estate - Development,DLF Limited,INR,INR,2026-03-31,2026-03-31,78376577000.0,Total Revenue,12839186000.0,Operating Income,31152918000.0,EBIT,44146750000.0,Net Income,394735482000.0,Current Assets,256009970000.0,Current Liabilities,46182735000.0,Cash Cash Equivalents And Short Term Investments,553516000.0,Current Debt And Capital Lease Obligation,3058932000.0,Total Debt,8715567000.0,Net PPE,0.0,Minority Interest,,,1.0,,
DOMS.NS,125503479808.0,Industrials,Business Equipment & Supplies,DOMS Industries Limited,INR,INR,2026-03-31,2026-03-31,23113504000.0,Total Revenue,3144869000.0,Operating Income,3314382000.0,EBIT,2301822000.0,Net Income,6393441000.0,Current Assets,2939790000.0,Current Liabilities,538691000.0,Cash Cash Equivalents And Short Term Investments,669990000.0,Current Debt And Capital Lease Obligation,1412615000.0,Total Debt,9198923000.0,Net PPE,823718000.0,Minority Interest,,,1.0,,
DABUR.NS,682618650624.0,Consumer Defensive,Household & Personal Products,Dabur India Limited,INR,INR,2026-03-31,2026-03-31,130420000000.0,Total Revenue,20042700000.0,Operating Income,25459000000.0,EBIT,18950300000.0,Net Income,88859600000.0,Current Assets,52390800000.0,Current Liabilities,51478500000.0,Cash Cash Equivalents And Short Term Investments,10901800000.0,Current Debt And Capital Lease Obligation,12873200000.0,Total Debt,29774000000.0,Net PPE,3832300000.0,Minority Interest,,,1.0,,
DALBHARAT.NS,312756174848.0,Basic Materials,Building Materials,Dalmia Bharat Limited,INR,INR,2026-03-31,2026-03-31,144670000000.0,Total Revenue,17350000000.0,Operating Income,19270000000.0,EBIT,11390000000.0,Net Income,87710000000.0,Current Assets,56740000000.0,Current Liabilities,54220000000.0,Cash Cash Equivalents And Short Term Investments,6470000000.0,Current Debt And Capital Lease Obligation,74060000000.0,Total Debt,198330000000.0,Net PPE,1440000000.0,Minority Interest,,,1.0,,
DATAPATTNS.NS,241369268224.0,Industrials,Aerospace & Defense,Data Patterns (India) Limited,INR,INR,2026-03-31,2026-03-31,9247700000.0,Total Revenue,3545900000.0,Operating Income,3640700000.0,EBIT,2713700000.0,Net Income,14682100000.0,Current Assets,1404400000.0,Current Liabilities,4226800000.0,Cash Cash Equivalents And Short Term Investments,11300000.0,Current Debt And Capital Lease Obligation,52700000.0,Total Debt,2102700000.0,Net PPE,,,,,1.0,,
DEEPAKFERT.NS,171098652672.0,Basic Materials,Chemicals,Deepak Fertilisers And Petrochemicals Corporation Limited,INR,INR,2026-03-31,2026-03-31,94004000000.0,Total Revenue,12822700000.0,Operating Income,13523800000.0,EBIT,7372500000.0,Net Income,60311000000.0,Current Assets,44263900000.0,Current Liabilities,7094700000.0,Cash Cash Equivalents And Short Term Investments,14664100000.0,Current Debt And Capital Lease Obligation,56702800000.0,Total Debt,89786000000.0,Net PPE,6194100000.0,Minority Interest,,,1.0,,
DEEPAKNTR.NS,213032288256.0,Basic Materials,Chemicals,Deepak Nitrite Limited,INR,INR,2026-03-31,2026-03-31,77612500000.0,Total Revenue,7639800000.0,Operating Income,8031100000.0,EBIT,5505300000.0,Net Income,30693800000.0,Current Assets,12787400000.0,Current Liabilities,4697300000.0,Cash Cash Equivalents And Short Term Investments,4019700000.0,Current Debt And Capital Lease Obligation,16377200000.0,Total Debt,51367500000.0,Net PPE,324500000.0,Minority Interest,,,1.0,,
DELHIVERY.NS,305674649600.0,Industrials,Integrated Freight & Logistics,Delhivery Limited,INR,INR,2026-03-31,2026-03-31,104883070000.0,Total Revenue,-530150000.0,Operating Income,2840920000.0,EBIT,1526760000.0,Net Income,49771450000.0,Current Assets,19228130000.0,Current Liabilities,28317350000.0,Cash Cash Equivalents And Short Term Investments,3429390000.0,Current Debt And Capital Lease Obligation,14625710000.0,Total Debt,29191593000.0,Net PPE,0.0,Minority Interest,,,1.0,,
DEVYANI.NS,162698739712.0,Consumer Cyclical,Restaurants,Devyani International Limited,INR,INR,2026-03-31,2026-03-31,55713630000.0,Total Revenue,1891880000.0,Operating Income,2188630000.0,EBIT,-386310000.0,Net Income,8524260000.0,Current Assets,16714330000.0,Current Liabilities,4949010000.0,Cash Cash Equivalents And Short Term Investments,7907890000.0,Current Debt And Capital Lease Obligation,37827460000.0,Total Debt,38065470000.0,Net PPE,3433870000.0,Minority Interest,,,1.0,,
DIVISLAB.NS,2530446409728.0,Healthcare,Drug Manufacturers - Specialty & Generic,Divi's Laboratories Limited,INR,INR,2026-03-31,2026-03-31,104760000000.0,Total Revenue,29790000000.0,Operating Income,34110000000.0,EBIT,25680000000.0,Net Income,110960000000.0,Current Assets,20430000000.0,Current Liabilities,32360000000.0,Cash Cash Equivalents And Short Term Investments,20000000.0,Current Debt And Capital Lease Obligation,70000000.0,Total Debt,87690000000.0,Net PPE,,,,,1.0,,
DIXON.NS,828121743360.0,Technology,Consumer Electronics,Dixon Technologies (India) Limited,INR,INR,2026-03-31,2026-03-31,485373900000.0,Total Revenue,14743900000.0,Operating Income,22036700000.0,EBIT,14386400000.0,Net Income,135153900000.0,Current Assets,126982900000.0,Current Liabilities,11699000000.0,Cash Cash Equivalents And Short Term Investments,1737900000.0,Current Debt And Capital Lease Obligation,9942200000.0,Total Debt,41723400000.0,Net PPE,7100000000.0,Minority Interest,,,1.0,,
LALPATHLAB.NS,323101982720.0,Healthcare,Diagnostics & Research,Dr. Lal PathLabs Limited,INR,INR,2026-03-31,2026-03-31,27627650000.0,Total Revenue,10249520000.0,Operating Income,6918850000.0,EBIT,5047790000.0,Net Income,15664920000.0,Current Assets,4506170000.0,Current Liabilities,13307490000.0,Cash Cash Equivalents And Short Term Investments,535740000.0,Current Debt And Capital Lease Obligation,1989940000.0,Total Debt,4898150000.0,Net PPE,331440000.0,Minority Interest,,,1.0,,
DRREDDY.NS,1018911653888.0,Healthcare,Drug Manufacturers - Specialty & Generic,Dr. Reddy's Laboratories Limited,INR,INR,2026-03-31,2026-03-31,335933000000.0,Total Revenue,50123000000.0,Operating Income,58555000000.0,EBIT,42850000000.0,Net Income,301975000000.0,Current Assets,167566000000.0,Current Liabilities,87814000000.0,Cash Cash Equivalents And Short Term Investments,65138000000.0,Current Debt And Capital Lease Obligation,77341000000.0,Total Debt,115930000000.0,Net PPE,3394000000.0,Minority Interest,,,1.0,,
DUMMYHEG.NS,,,,,,,,,,,,,,,,,,,,,,,,,,,,,,,,,1.0,,
EIDPARRY.NS,125076160512.0,Basic Materials,Agricultural Inputs,E.I.D.- Parry (India) Limited,INR,INR,2026-03-31,2026-03-31,272399700000.0,Total Revenue,27201200000.0,Operating Income,25140800000.0,EBIT,5695400000.0,Net Income,187465300000.0,Current Assets,132073400000.0,Current Liabilities,32877900000.0,Cash Cash Equivalents And Short Term Investments,77782200000.0,Current Debt And Capital Lease Obligation,85501700000.0,Total Debt,76937500000.0,Net PPE,61534600000.0,Minority Interest,,,1.0,,
EIHOTEL.NS,183575642112.0,Consumer Cyclical,Lodging,EIH Limited,INR,INR,2026-03-31,2026-03-31,29396340000.0,Total Revenue,8985700000.0,Operating Income,9698430000.0,EBIT,6282800000.0,Net Income,15572040000.0,Current Assets,5796910000.0,Current Liabilities,11120620000.0,Cash Cash Equivalents And Short Term Investments,183830000.0,Current Debt And Capital Lease Obligation,2524230000.0,Total Debt,35694530000.0,Net PPE,1470250000.0,Minority Interest,,,1.0,,
EICHERMOT.NS,1985340899328.0,Consumer Cyclical,Auto Manufacturers,Eicher Motors Limited,INR,INR,2026-03-31,2026-03-31,229775700000.0,Total Revenue,49560000000.0,Operating Income,71735900000.0,EBIT,55152300000.0,Net Income,95542500000.0,Current Assets,50239800000.0,Current Liabilities,60797500000.0,Cash Cash Equivalents And Short Term Investments,1832000000.0,Current Debt And Capital Lease Obligation,5139500000.0,Total Debt,30270100000.0,Net PPE,,,,,1.0,,
ELECON.NS,107936366592.0,Industrials,Specialty Industrial Machinery,Elecon Engineering Company Limited,INR,INR,2026-03-31,2026-03-31,23370900000.0,Total Revenue,4291700000.0,Operating Income,4774000000.0,EBIT,3411500000.0,Net Income,19546900000.0,Current Assets,6658400000.0,Current Liabilities,8400400000.0,Cash Cash Equivalents And Short Term Investments,570200000.0,Current Debt And Capital Lease Obligation,2726500000.0,Total Debt,9006800000.0,Net PPE,,,,,1.0,,
ELGIEQUIP.NS,188939976704.0,Industrials,Specialty Industrial Machinery,Elgi Equipments Limited,INR,INR,2026-03-31,2026-03-31,39295000000.0,Total Revenue,5024000000.0,Operating Income,6028000000.0,EBIT,4302000000.0,Net Income,24902000000.0,Current Assets,11959000000.0,Current Liabilities,9247000000.0,Cash Cash Equivalents And Short Term Investments,4439000000.0,Current Debt And Capital Lease Obligation,5331000000.0,Total Debt,5808000000.0,Net PPE,,,,,1.0,,
EMAMILTD.NS,165710282752.0,Consumer Defensive,Household & Personal Products,Emami Limited,INR,INR,2026-03-31,2026-03-31,37452919000.0,Total Revenue,7873063000.0,Operating Income,8571936000.0,EBIT,7752616000.0,Net Income,19348564000.0,Current Assets,8382480000.0,Current Liabilities,9027672000.0,Cash Cash Equivalents And Short Term Investments,1378011000.0,Current Debt And Capital Lease Obligation,1619223000.0,Total Debt,5745120000.0,Net PPE,-15420000.0,Minority Interest,,,1.0,,
EMCURE.NS,366331232256.0,Healthcare,Drug Manufacturers - Specialty & Generic,Emcure Pharmaceuticals Limited,INR,INR,2026-03-31,2026-03-31,91158880000.0,Total Revenue,13737950000.0,Operating Income,14105560000.0,EBIT,9243610000.0,Net Income,56121030000.0,Current Assets,39122410000.0,Current Liabilities,1032040000.0,Cash Cash Equivalents And Short Term Investments,10067500000.0,Current Debt And Capital Lease Obligation,15212410000.0,Total Debt,25761310000.0,Net PPE,266410000.0,Minority Interest,,,1.0,,
EMMVEE.NS,219923398656.0,Technology,Solar,Emmvee Photovoltaic Power Limited,INR,INR,2026-03-31,2026-03-31,50339131000.0,Total Revenue,15014158000.0,Operating Income,14790657000.0,EBIT,10815515000.0,Net Income,30596825000.0,Current Assets,14846750000.0,Current Liabilities,2726764000.0,Cash Cash Equivalents And Short Term Investments,1625503000.0,Current Debt And Capital Lease Obligation,3600599000.0,Total Debt,26524671000.0,Net PPE,,,,,1.0,,
ENDURANCE.NS,373839659008.0,Consumer Cyclical,Auto Parts,Endurance Technologies Limited,INR,INR,2026-03-31,2026-03-31,143398500000.0,Total Revenue,12402000000.0,Operating Income,13336100000.0,EBIT,9517100000.0,Net Income,53478100000.0,Current Assets,34436400000.0,Current Liabilities,18894800000.0,Cash Cash Equivalents And Short Term Investments,4196000000.0,Current Debt And Capital Lease Obligation,13266600000.0,Total Debt,51115000000.0,Net PPE,,,,,1.0,,
ENGINERSIN.NS,175019982848.0,Industrials,Engineering & Construction,Engineers India Limited,INR,INR,2026-03-31,2026-03-31,39278501000.0,Total Revenue,6579735000.0,Operating Income,8966048000.0,EBIT,6915894000.0,Net Income,34781838000.0,Current Assets,26768084000.0,Current Liabilities,14545408000.0,Cash Cash Equivalents And Short Term Investments,89164000.0,Current Debt And Capital Lease Obligation,168019000.0,Total Debt,3331572000.0,Net PPE,0.0,Minority Interest,,,1.0,,
ERIS.NS,171758354432.0,Healthcare,Drug Manufacturers - Specialty & Generic,Eris Lifesciences Limited,INR,INR,2026-03-31,2026-03-31,31148900000.0,Total Revenue,8413100000.0,Operating Income,8311900000.0,EBIT,6195200000.0,Net Income,15398500000.0,Current Assets,20771000000.0,Current Liabilities,554300000.0,Cash Cash Equivalents And Short Term Investments,13626000000.0,Current Debt And Capital Lease Obligation,23586200000.0,Total Debt,9813400000.0,Net PPE,-70100000.0,Minority Interest,,,1.0,,
ESCORTS.NS,303752609792.0,Industrials,Farm & Heavy Construction Machinery,Escorts Kubota Limited,INR,INR,2026-03-31,2026-03-31,114135500000.0,Total Revenue,12478200000.0,Operating Income,18264300000.0,EBIT,23940900000.0,Net Income,100910400000.0,Current Assets,30955000000.0,Current Liabilities,67293000000.0,Cash Cash Equivalents And Short Term Investments,861000000.0,Current Debt And Capital Lease Obligation,1618900000.0,Total Debt,22596400000.0,Net PPE,-39400000.0,Minority Interest,,,1.0,,
ETERNAL.NS,3041461796864.0,Consumer Cyclical,Internet Retail,Eternal Limited,INR,INR,2026-03-31,2026-03-31,543640000000.0,Total Revenue,-630000000.0,Operating Income,10030000000.0,EBIT,3660000000.0,Net Income,157000000000.0,Current Assets,56720000000.0,Current Liabilities,85860000000.0,Cash Cash Equivalents And Short Term Investments,7590000000.0,Current Debt And Capital Lease Obligation,45920000000.0,Total Debt,64930000000.0,Net PPE,-70000000.0,Minority Interest,,,1.0,,
EXIDEIND.NS,353812512768.0,Consumer Cyclical,Auto Parts,Exide Industries Limited,INR,INR,2026-03-31,2026-03-31,179079900000.0,Total Revenue,13161400000.0,Operating Income,13603000000.0,EBIT,8541900000.0,Net Income,70784700000.0,Current Assets,57814200000.0,Current Liabilities,10820200000.0,Cash Cash Equivalents And Short Term Investments,2046200000.0,Current Debt And Capital Lease Obligation,15754000000.0,Total Debt,79327700000.0,Net PPE,263700000.0,Minority Interest,,,1.0,,
NYKAA.NS,933361942528.0,Consumer Cyclical,Internet Retail,FSN E-Commerce Ventures Limited,INR,INR,2026-03-31,2026-03-31,99294200000.0,Total Revenue,4405900000.0,Operating Income,4438800000.0,EBIT,1994400000.0,Net Income,31889400000.0,Current Assets,27582500000.0,Current Liabilities,4079000000.0,Cash Cash Equivalents And Short Term Investments,9226300000.0,Current Debt And Capital Lease Obligation,12378100000.0,Total Debt,7736800000.0,Net PPE,641200000.0,Minority Interest,,,1.0,,
FEDERALBNK.NS,801481687040.0,Financial Services,Banks - Regional,The Federal Bank Limited,INR,INR,2026-03-31,2026-03-31,162975802000.0,Total Revenue,,,,,43453023000.0,Net Income,,,,,346021829000.0,Cash And Cash Equivalents,,,307932571000.0,Total Debt,15281713000.0,Net PPE,10693165000.0,Minority Interest,,,1.0,,
FACT.NS,493845348352.0,Basic Materials,Agricultural Inputs,The Fertilisers and Chemicals Travancore Limited,INR,INR,2026-03-31,2026-03-31,31508371000.0,Total Revenue,387749000.0,Operating Income,2095480000.0,EBIT,-396002000.0,Net Income,41786040000.0,Current Assets,44908134000.0,Current Liabilities,1447772000.0,Cash Cash Equivalents And Short Term Investments,39546696000.0,Current Debt And Capital Lease Obligation,39854509000.0,Total Debt,12670586000.0,Net PPE,,,,,1.0,,
FINCABLES.NS,216898568192.0,Industrials,Electrical Equipment & Parts,Finolex Cables Limited,INR,INR,2026-03-31,2026-03-31,61699600000.0,Total Revenue,5786700000.0,Operating Income,9302700000.0,EBIT,7137200000.0,Net Income,35319700000.0,Current Assets,4196100000.0,Current Liabilities,20635900000.0,Cash Cash Equivalents And Short Term Investments,50600000.0,Current Debt And Capital Lease Obligation,191400000.0,Total Debt,9631400000.0,Net PPE,,,,,1.0,,
FSL.NS,178227167232.0,Technology,Information Technology Services,Firstsource Solutions Limited,INR,INR,2026-03-31,2026-03-31,96161200000.0,Total Revenue,11406670000.0,Operating Income,10313090000.0,EBIT,6744250000.0,Net Income,27622940000.0,Current Assets,34785200000.0,Current Liabilities,846980000.0,Cash Cash Equivalents And Short Term Investments,20006880000.0,Current Debt And Capital Lease Obligation,29218950000.0,Total Debt,11960860000.0,Net PPE,3950000.0,Minority Interest,,,1.0,,
FIVESTAR.NS,154372571136.0,Financial Services,Credit Services,Five-Star Business Finance Limited,INR,INR,2026-03-31,2026-03-31,30462485000.0,Total Revenue,15932125000.0,Operating Income,15408108000.0,EBIT,10987453000.0,Net Income,43524343000.0,Current Assets,27061287000.0,Current Liabilities,21245587000.0,Cash Cash Equivalents And Short Term Investments,25921737000.0,Current Debt And Capital Lease Obligation,82004300000.0,Total Debt,1545719000.0,Net PPE,,,,,1.0,,
FORCEMOT.NS,225577598976.0,Consumer Cyclical,Auto Manufacturers,Force Motors Limited,INR,INR,2026-03-31,2026-03-31,89796700000.0,Total Revenue,11971700000.0,Operating Income,15187900000.0,EBIT,12116300000.0,Net Income,38316200000.0,Current Assets,20442200000.0,Current Liabilities,21940500000.0,Cash Cash Equivalents And Short Term Investments,0.0,Current Debt And Capital Lease Obligation,0.0,Total Debt,18231100000.0,Net PPE,24600000.0,Minority Interest,,,1.0,,
FORTIS.NS,624614572032.0,Healthcare,Medical Care Facilities,Fortis Healthcare Limited,INR,INR,2026-03-31,2026-03-31,90480789000.0,Total Revenue,16143896000.0,Operating Income,16484330000.0,EBIT,10417739000.0,Net Income,18194180000.0,Current Assets,21149968000.0,Current Liabilities,5586746000.0,Cash Cash Equivalents And Short Term Investments,5350941000.0,Current Debt And Capital Lease Obligation,34725836000.0,Total Debt,73433566000.0,Net PPE,2729565000.0,Minority Interest,,,1.0,,
GAIL.NS,1133280755712.0,Utilities,Utilities - Regulated Gas,GAIL (India) Limited,INR,INR,2026-03-31,2026-03-31,1415977200000.0,Total Revenue,76750500000.0,Operating Income,106894000000.0,EBIT,75824700000.0,Net Income,197617100000.0,Current Assets,232814100000.0,Current Liabilities,18700000000.0,Cash Cash Equivalents And Short Term Investments,73003800000.0,Current Debt And Capital Lease Obligation,248314900000.0,Total Debt,894766300000.0,Net PPE,2420600000.0,Minority Interest,,,1.0,,
GVT&D.NS,1074550538240.0,Industrials,Specialty Industrial Machinery,GE Vernova T&D India Limited,INR,INR,2026-03-31,2026-03-31,62008900000.0,Total Revenue,17433500000.0,Operating Income,16644700000.0,EBIT,12332500000.0,Net Income,65195300000.0,Current Assets,48919500000.0,Current Liabilities,15292400000.0,Cash Cash Equivalents And Short Term Investments,153300000.0,Current Debt And Capital Lease Obligation,240000000.0,Total Debt,5972600000.0,Net PPE,,,,,1.0,,
GMRAIRPORT.NS,1004792184832.0,Industrials,Airports & Air Services,GMR Airports Limited,INR,INR,2026-03-31,2026-03-31,133445800000.0,Total Revenue,39911800000.0,Operating Income,43561700000.0,EBIT,1754900000.0,Net Income,97923700000.0,Current Assets,127084900000.0,Current Liabilities,50841300000.0,Cash Cash Equivalents And Short Term Investments,77920900000.0,Current Debt And Capital Lease Obligation,432690000000.0,Total Debt,336221200000.0,Net PPE,9305900000.0,Minority Interest,2676100000.0,Preferred Stock Equity,1.0,,
GABRIEL.NS,261887328256.0,Consumer Cyclical,Auto Parts,Gabriel India Limited,INR,INR,2026-03-31,2026-03-31,46352480000.0,Total Revenue,3427430000.0,Operating Income,3503290000.0,EBIT,2521640000.0,Net Income,14841850000.0,Current Assets,8921650000.0,Current Liabilities,3301710000.0,Cash Cash Equivalents And Short Term Investments,488980000.0,Current Debt And Capital Lease Obligation,1481180000.0,Total Debt,8163860000.0,Net PPE,230780000.0,Minority Interest,,,1.0,,
GALLANTT.NS,129760886784.0,Basic Materials,Steel,Gallantt Ispat Limited,INR,INR,2026-03-31,2026-03-31,43042127000.0,Total Revenue,5867995000.0,Operating Income,6432299000.0,EBIT,4842683000.0,Net Income,20074313000.0,Current Assets,6801672000.0,Current Liabilities,5249756000.0,Cash Cash Equivalents And Short Term Investments,4446063000.0,Current Debt And Capital Lease Obligation,5476870000.0,Total Debt,21620552000.0,Net PPE,,,,,1.0,,
GRSE.NS,257982562304.0,Industrials,Aerospace & Defense,Garden Reach Shipbuilders & Engineers Limited,INR,INR,2026-03-31,2026-03-31,69948144000.0,Total Revenue,7779898000.0,Operating Income,10208128000.0,EBIT,7479344000.0,Net Income,96965999000.0,Current Assets,78592765000.0,Current Liabilities,31825636000.0,Cash Cash Equivalents And Short Term Investments,59441000.0,Current Debt And Capital Lease Obligation,373978000.0,Total Debt,5728679000.0,Net PPE,,,,,1.0,,
GICRE.NS,582987087872.0,Financial Services,Insurance - Reinsurance,General Insurance Corporation of India,INR,INR,2026-03-31,2026-03-31,548130200000.0,Total Revenue,,,115093400000.0,EBIT,96623800000.0,Net Income,,,,,292347800000.0,Cash Cash Equivalents And Short Term Investments,,,,,2923900000.0,Net PPE,,,,,1.0,,
GILLETTE.NS,227819536384.0,Consumer Defensive,Household & Personal Products,Gillette India Limited,INR,INR,2026-03-31,2026-03-31,30940300000.0,Total Revenue,8843300000.0,Operating Income,8924000000.0,EBIT,6543100000.0,Net Income,12604800000.0,Current Assets,8164100000.0,Current Liabilities,2668200000.0,Cash Cash Equivalents And Short Term Investments,0.0,Current Debt And Capital Lease Obligation,200000.0,Total Debt,3508100000.0,Net PPE,,,,,1.0,,
GLAND.NS,478531452928.0,Healthcare,Drug Manufacturers - Specialty & Generic,Gland Pharma Limited,INR,INR,2026-03-31,2026-03-31,64029020000.0,Total Revenue,12066240000.0,Operating Income,14941380000.0,EBIT,10273160000.0,Net Income,75267850000.0,Current Assets,16084030000.0,Current Liabilities,33590800000.0,Cash Cash Equivalents And Short Term Investments,1903630000.0,Current Debt And Capital Lease Obligation,2835900000.0,Total Debt,44736060000.0,Net PPE,0.0,Minority Interest,,,1.0,,
GLAXO.NS,497105043456.0,Healthcare,Drug Manufacturers - General,GlaxoSmithKline Pharmaceuticals Limited,INR,INR,2026-03-31,2026-03-31,38075535000.0,Total Revenue,12475698000.0,Operating Income,14087453000.0,EBIT,10359824000.0,Net Income,36070641000.0,Current Assets,17791033000.0,Current Liabilities,27563422000.0,Cash Cash Equivalents And Short Term Investments,159990000.0,Current Debt And Capital Lease Obligation,332722000.0,Total Debt,3064444000.0,Net PPE,,,,,1.0,,
GLENMARK.NS,661308833792.0,Healthcare,Drug Manufacturers - Specialty & Generic,Glenmark Pharmaceuticals Limited,INR,INR,2026-03-31,2026-03-31,167114030000.0,Total Revenue,40233260000.0,Operating Income,21934710000.0,EBIT,13618510000.0,Net Income,112997090000.0,Current Assets,63764260000.0,Current Liabilities,12008460000.0,Cash Cash Equivalents And Short Term Investments,1072200000.0,Current Debt And Capital Lease Obligation,5935270000.0,Total Debt,43437700000.0,Net PPE,-3160000.0,Minority Interest,,,1.0,,
MEDANTA.NS,387684958208.0,Healthcare,Medical Care Facilities,Global Health Limited,INR,INR,2026-03-31,2026-03-31,43184710000.0,Total Revenue,7267850000.0,Operating Income,7930520000.0,EBIT,5564600000.0,Net Income,16749200000.0,Current Assets,6271310000.0,Current Liabilities,11060010000.0,Cash Cash Equivalents And Short Term Investments,629890000.0,Current Debt And Capital Lease Obligation,11900460000.0,Total Debt,39109190000.0,Net PPE,227050000.0,Minority Interest,,,1.0,,
GODIGIT.NS,240508403712.0,Financial Services,Insurance - Property & Casualty,Go Digit General Insurance Limited,INR,INR,2026-03-31,2026-03-31,105827200000.0,Total Revenue,,,7082200000.0,EBIT,5443500000.0,Net Income,,,,,11903600000.0,Cash Cash Equivalents And Short Term Investments,,,3500000000.0,Total Debt,1560900000.0,Net PPE,,,,,1.0,,
GPIL.NS,146676547584.0,Basic Materials,Steel,Godawari Power & Ispat Limited,INR,INR,2026-03-31,2026-03-31,53763211000.0,Total Revenue,11008694000.0,Operating Income,11289944000.0,EBIT,8007469000.0,Net Income,26400960000.0,Current Assets,8679895000.0,Current Liabilities,11783792000.0,Cash Cash Equivalents And Short Term Investments,1900184000.0,Current Debt And Capital Lease Obligation,4434821000.0,Total Debt,40880965000.0,Net PPE,408522000.0,Minority Interest,,,1.0,,
GODFRYPHLP.NS,304367206400.0,Consumer Defensive,Tobacco,Godfrey Phillips India Limited,INR,INR,2026-03-31,2026-03-31,63526300000.0,Total Revenue,14724100000.0,Operating Income,19516000000.0,EBIT,15260600000.0,Net Income,44183300000.0,Current Assets,18130400000.0,Current Liabilities,5833800000.0,Cash Cash Equivalents And Short Term Investments,1289100000.0,Current Debt And Capital Lease Obligation,2320400000.0,Total Debt,9895100000.0,Net PPE,66400000.0,Minority Interest,,,1.0,,
GODREJCP.NS,890070630400.0,Consumer Defensive,Household & Personal Products,Godrej Consumer Products Limited,INR,INR,2026-03-31,2026-03-31,151000900000.0,Total Revenue,29096000000.0,Operating Income,29029000000.0,EBIT,18614700000.0,Net Income,70198500000.0,Current Assets,77071600000.0,Current Liabilities,28661200000.0,Cash Cash Equivalents And Short Term Investments,41982800000.0,Current Debt And Capital Lease Obligation,44158100000.0,Total Debt,25064500000.0,Net PPE,,,47100000.0,Preferred Stock Equity,1.0,,
GODREJIND.NS,366056013824.0,Industrials,Conglomerates,Godrej Industries Limited,INR,INR,2026-03-31,2026-03-31,220982300000.0,Total Revenue,16422900000.0,Operating Income,56251800000.0,EBIT,12405300000.0,Net Income,879637500000.0,Current Assets,804209700000.0,Current Liabilities,112260700000.0,Cash Cash Equivalents And Short Term Investments,297222700000.0,Current Debt And Capital Lease Obligation,515639300000.0,Total Debt,61525100000.0,Net PPE,120077500000.0,Minority Interest,,,1.0,,
GODREJPROP.NS,505970130944.0,Real Estate,Real Estate - Development,Godrej Properties Limited,INR,INR,2026-03-31,2026-03-31,50256100000.0,Total Revenue,-5274500000.0,Operating Income,24925000000.0,EBIT,18502000000.0,Net Income,758182800000.0,Current Assets,595251100000.0,Current Liabilities,91469200000.0,Cash Cash Equivalents And Short Term Investments,134093500000.0,Current Debt And Capital Lease Obligation,158940900000.0,Total Debt,17205700000.0,Net PPE,1993500000.0,Minority Interest,,,1.0,,
GRANULES.NS,233226764288.0,Healthcare,Drug Manufacturers - Specialty & Generic,Granules India Limited,INR,INR,2026-03-31,2026-03-31,53389170000.0,Total Revenue,9006690000.0,Operating Income,8564120000.0,EBIT,5950210000.0,Net Income,37676460000.0,Current Assets,20920310000.0,Current Liabilities,9332940000.0,Cash Cash Equivalents And Short Term Investments,10539400000.0,Current Debt And Capital Lease Obligation,15120410000.0,Total Debt,36264590000.0,Net PPE,,,,,1.0,,
GRAPHITE.NS,157199204352.0,Industrials,Electrical Equipment & Parts,Graphite India Limited,INR,INR,2026-03-31,2026-03-31,28727300000.0,Total Revenue,1627300000.0,Operating Income,2687800000.0,EBIT,1753300000.0,Net Income,49424600000.0,Current Assets,15351300000.0,Current Liabilities,29133300000.0,Cash Cash Equivalents And Short Term Investments,3675200000.0,Current Debt And Capital Lease Obligation,3675700000.0,Total Debt,11354000000.0,Net PPE,-29100000.0,Minority Interest,,,1.0,,
GRASIM.NS,2133104918528.0,Basic Materials,Building Materials,Grasim Industries Limited,INR,INR,2026-03-31,2026-03-31,1739245300000.0,Total Revenue,169377800000.0,Operating Income,179072300000.0,EBIT,49664800000.0,Net Income,1130662700000.0,Current Assets,1195998000000.0,Current Liabilities,317535500000.0,Cash Cash Equivalents And Short Term Investments,687384100000.0,Current Debt And Capital Lease Obligation,2278420500000.0,Total Debt,1338015600000.0,Net PPE,663953300000.0,Minority Interest,,,1.0,,
GRAVITA.NS,107813191680.0,Industrials,Metal Fabrication,Gravita India Limited,INR,INR,2026-03-31,2026-03-31,42274100000.0,Total Revenue,4001900000.0,Operating Income,4716400000.0,EBIT,3788000000.0,Net Income,23493800000.0,Current Assets,8064600000.0,Current Liabilities,5210300000.0,Cash Cash Equivalents And Short Term Investments,6103700000.0,Current Debt And Capital Lease Obligation,7359000000.0,Total Debt,8404600000.0,Net PPE,67800000.0,Minority Interest,,,1.0,,
GESHIP.NS,217199706112.0,Industrials,Marine Shipping,The Great Eastern Shipping Company Limited,INR,INR,2026-03-31,2026-03-31,53849300000.0,Total Revenue,19771800000.0,Operating Income,31516000000.0,EBIT,29425200000.0,Net Income,98325700000.0,Current Assets,13784800000.0,Current Liabilities,79394300000.0,Cash Cash Equivalents And Short Term Investments,4586600000.0,Current Debt And Capital Lease Obligation,10871500000.0,Total Debt,94257400000.0,Net PPE,,,,,1.0,,
FLUOROCHEM.NS,489733292032.0,Basic Materials,Specialty Chemicals,Gujarat Fluorochemicals Limited,INR,INR,2026-03-31,2026-03-31,48754600000.0,Total Revenue,8360400000.0,Operating Income,8985600000.0,EBIT,5773600000.0,Net Income,44075400000.0,Current Assets,25601400000.0,Current Liabilities,6272900000.0,Cash Cash Equivalents And Short Term Investments,16470800000.0,Current Debt And Capital Lease Obligation,22905900000.0,Total Debt,67962900000.0,Net PPE,471700000.0,Minority Interest,,,1.0,,
GMDCLTD.NS,166981795840.0,Energy,Thermal Coal,Gujarat Mineral Development Corporation Limited,INR,INR,2026-03-31,2026-03-31,26533800000.0,Total Revenue,4342800000.0,Operating Income,12748800000.0,EBIT,9566700000.0,Net Income,32330800000.0,Current Assets,7799400000.0,Current Liabilities,1120900000.0,Cash Cash Equivalents And Short Term Investments,301900000.0,Current Debt And Capital Lease Obligation,3165100000.0,Total Debt,17222100000.0,Net PPE,,,,,1.0,,
HBLENGINE.NS,220369977344.0,Industrials,Electrical Equipment & Parts,HBL Engineering Limited,INR,INR,2026-03-31,2026-03-31,32828300000.0,Total Revenue,10635100000.0,Operating Income,11018000000.0,EBIT,8148900000.0,Net Income,20249600000.0,Current Assets,5666200000.0,Current Liabilities,6767900000.0,Cash Cash Equivalents And Short Term Investments,469400000.0,Current Debt And Capital Lease Obligation,668700000.0,Total Debt,5761200000.0,Net PPE,-7600000.0,Minority Interest,,,1.0,,
HCLTECH.NS,3377879056384.0,Technology,Information Technology Services,HCL Technologies Limited,INR,USD,2026-03-31,2026-03-31,1301440000000.0,Total Revenue,408190000000.0,Operating Income,229710000000.0,EBIT,166420000000.0,Net Income,705420000000.0,Current Assets,318260000000.0,Current Liabilities,306150000000.0,Cash Cash Equivalents And Short Term Investments,19980000000.0,Current Debt And Capital Lease Obligation,52150000000.0,Total Debt,83210000000.0,Net PPE,320000000.0,Minority Interest,,,94.35590362548828,2026-03-31,
HDBFS.NS,529299668992.0,Financial Services,Credit Services,HDB Financial Services Limited,INR,INR,2026-03-31,2026-03-31,181433500000.0,Total Revenue,94531300000.0,Operating Income,68531300000.0,EBIT,25438300000.0,Net Income,471591900000.0,Current Assets,364406500000.0,Current Liabilities,50851700000.0,Cash Cash Equivalents And Short Term Investments,342327700000.0,Current Debt And Capital Lease Obligation,992300500000.0,Total Debt,6306000000.0,Net PPE,,,,,1.0,,
HDFCAMC.NS,996222631936.0,Financial Services,Asset Management,HDFC Asset Management Company Limited,INR,INR,2026-03-31,2026-03-31,41221600000.0,Total Revenue,32227100000.0,Operating Income,37224700000.0,EBIT,28580600000.0,Net Income,27332600000.0,Current Assets,3135500000.0,Current Liabilities,25412400000.0,Cash Cash Equivalents And Short Term Investments,,,,,2608800000.0,Net PPE,0.0,Minority Interest,,,1.0,,
HDFCBANK.NS,11135223857152.0,Financial Services,Banks - Regional,HDFC Bank Limited,INR,INR,2026-03-31,2026-03-31,1925667800000.0,Total Revenue,,,,,704793400000.0,Net Income,,,,,3650673900000.0,Cash And Cash Equivalents,1349648400000.0,Current Debt And Capital Lease Obligation,6643640400000.0,Total Debt,339807800000.0,Net PPE,993299100000.0,Minority Interest,,,1.0,,
HDFCLIFE.NS,1156290314240.0,Financial Services,Insurance - Life,HDFC Life Insurance Company Limited,INR,INR,2026-03-31,2026-03-31,916062200000.0,Total Revenue,,,21909500000.0,EBIT,19123200000.0,Net Income,,,,,50437900000.0,Cash Cash Equivalents And Short Term Investments,,,30990000000.0,Total Debt,6306700000.0,Net PPE,,,,,1.0,,
HEGAM.NS,78887895040.0,Industrials,Electrical Equipment & Parts,HEG Advanced Materials Limited,INR,INR,2026-03-31,2026-03-31,25517743000.0,Total Revenue,3115853000.0,Operating Income,4288377000.0,EBIT,3413682000.0,Net Income,28933509000.0,Current Assets,13100230000.0,Current Liabilities,7081709000.0,Cash Cash Equivalents And Short Term Investments,7934215000.0,Current Debt And Capital Lease Obligation,7960209000.0,Total Debt,20384570000.0,Net PPE,,,,,1.0,,
HFCL.NS,313321488384.0,Technology,Communication Equipment,HFCL Limited,INR,INR,2026-03-31,2026-03-31,49282600000.0,Total Revenue,6353100000.0,Operating Income,5920800000.0,EBIT,3117400000.0,Net Income,67031900000.0,Current Assets,33667900000.0,Current Liabilities,1161800000.0,Cash Cash Equivalents And Short Term Investments,14876500000.0,Current Debt And Capital Lease Obligation,18963300000.0,Total Debt,10637400000.0,Net PPE,578400000.0,Minority Interest,,,1.0,,
HAVELLS.NS,679963066368.0,Industrials,Electrical Equipment & Parts,Havells India Limited,INR,INR,2026-03-31,2026-03-31,222881200000.0,Total Revenue,18611100000.0,Operating Income,22467000000.0,EBIT,16905600000.0,Net Income,78252300000.0,Current Assets,45847200000.0,Current Liabilities,23398200000.0,Cash Cash Equivalents And Short Term Investments,772400000.0,Current Debt And Capital Lease Obligation,2652000000.0,Total Debt,43912900000.0,Net PPE,132000000.0,Minority Interest,,,1.0,,
HEROMOTOCO.NS,1070855487488.0,Consumer Cyclical,Auto Manufacturers,Hero MotoCorp Limited,INR,INR,2026-03-31,2026-03-31,470483900000.0,Total Revenue,62038700000.0,Operating Income,75138500000.0,EBIT,57417300000.0,Net Income,189045300000.0,Current Assets,99043300000.0,Current Liabilities,129412700000.0,Cash Cash Equivalents And Short Term Investments,5595500000.0,Current Debt And Capital Lease Obligation,7786100000.0,Total Debt,59199400000.0,Net PPE,1998300000.0,Minority Interest,,,1.0,,
HEXT.NS,298737106944.0,Technology,Information Technology Services,Hexaware Technologies Limited,INR,INR,2025-12-31,2025-12-31,134304000000.0,Total Revenue,18407000000.0,Operating Income,17768000000.0,EBIT,13692000000.0,Net Income,50477000000.0,Current Assets,35103000000.0,Current Liabilities,21677000000.0,Cash Cash Equivalents And Short Term Investments,1275000000.0,Current Debt And Capital Lease Obligation,6807000000.0,Total Debt,14249000000.0,Net PPE,-32000000.0,Minority Interest,,,1.0,,
HSCL.NS,339149553664.0,Basic Materials,Specialty Chemicals,Himadri Speciality Chemical Limited,INR,INR,2026-03-31,2026-03-31,46576641000.0,Total Revenue,9375436000.0,Operating Income,10635131000.0,EBIT,7513368000.0,Net Income,28235141000.0,Current Assets,12361338000.0,Current Liabilities,2895293000.0,Cash Cash Equivalents And Short Term Investments,7640211000.0,Current Debt And Capital Lease Obligation,7699798000.0,Total Debt,22896463000.0,Net PPE,554045000.0,Minority Interest,,,1.0,,
HINDALCO.NS,2137925091328.0,Basic Materials,Aluminum,Hindalco Industries Limited,INR,INR,2026-03-31,2026-03-31,2726420000000.0,Total Revenue,292260000000.0,Operating Income,217940000000.0,EBIT,133910000000.0,Net Income,1410300000000.0,Current Assets,1165090000000.0,Current Liabilities,227470000000.0,Cash Cash Equivalents And Short Term Investments,214950000000.0,Current Debt And Capital Lease Obligation,991610000000.0,Total Debt,1452770000000.0,Net PPE,120000000.0,Minority Interest,,,1.0,,
HAL.NS,3165579378688.0,Industrials,Aerospace & Defense,Hindustan Aeronautics Limited,INR,INR,2026-03-31,2026-03-31,317917400000.0,Total Revenue,87005400000.0,Operating Income,121577200000.0,EBIT,91156000000.0,Net Income,1158380000000.0,Current Assets,443073700000.0,Current Liabilities,461957800000.0,Cash Cash Equivalents And Short Term Investments,26500000.0,Current Debt And Capital Lease Obligation,109700000.0,Total Debt,75554000000.0,Net PPE,34800000.0,Minority Interest,,,1.0,,
HINDCOPPER.NS,465283579904.0,Basic Materials,Copper,Hindustan Copper Limited,INR,INR,2026-03-31,2026-03-31,30639063000.0,Total Revenue,12974302000.0,Operating Income,12330218000.0,EBIT,9185432000.0,Net Income,14156737000.0,Current Assets,8429676000.0,Current Liabilities,8084306000.0,Cash Cash Equivalents And Short Term Investments,726530000.0,Current Debt And Capital Lease Obligation,1109145000.0,Total Debt,26547740000.0,Net PPE,128000.0,Minority Interest,,,1.0,,
HINDPETRO.NS,733673160704.0,Energy,Oil & Gas Refining & Marketing,Hindustan Petroleum Corporation Limited,INR,INR,2026-03-31,2026-03-31,4362800600000.0,Total Revenue,246719200000.0,Operating Income,267834600000.0,EBIT,180468900000.0,Net Income,565699300000.0,Current Assets,881833900000.0,Current Liabilities,32311300000.0,Cash Cash Equivalents And Short Term Investments,159807700000.0,Current Debt And Capital Lease Obligation,559644300000.0,Total Debt,1073133700000.0,Net PPE,,,,,1.0,,
HINDUNILVR.NS,4480670629888.0,Consumer Defensive,Household & Personal Products,Hindustan Unilever Limited,INR,INR,2026-03-31,2026-03-31,637630000000.0,Total Revenue,137210000000.0,Operating Income,142220000000.0,EBIT,150400000000.0,Net Income,190210000000.0,Current Assets,155490000000.0,Current Liabilities,84090000000.0,Cash Cash Equivalents And Short Term Investments,3740000000.0,Current Debt And Capital Lease Obligation,14780000000.0,Total Debt,91170000000.0,Net PPE,2690000000.0,Minority Interest,,,1.0,,
HINDZINC.NS,2426600685568.0,Basic Materials,Other Industrial Metals & Mining,Hindustan Zinc Limited,INR,INR,2026-03-31,2026-03-31,391920000000.0,Total Revenue,184950000000.0,Operating Income,192700000000.0,EBIT,138320000000.0,Net Income,166000000000.0,Current Assets,112740000000.0,Current Liabilities,136510000000.0,Cash Cash Equivalents And Short Term Investments,39270000000.0,Current Debt And Capital Lease Obligation,88330000000.0,Total Debt,240690000000.0,Net PPE,,,,,1.0,,
POWERINDIA.NS,1354776969216.0,Industrials,Electrical Equipment & Parts,Hitachi Energy India Limited,INR,INR,2026-03-31,2026-03-31,79182400000.0,Total Revenue,11694900000.0,Operating Income,13337000000.0,EBIT,9878400000.0,Net Income,103578900000.0,Current Assets,66925700000.0,Current Liabilities,26721400000.0,Cash Cash Equivalents And Short Term Investments,186600000.0,Current Debt And Capital Lease Obligation,861000000.0,Total Debt,12570100000.0,Net PPE,,,,,1.0,,
HOMEFIRST.NS,113952915456.0,Financial Services,Mortgage Finance,Home First Finance Company India Limited,INR,INR,2026-03-31,2026-03-31,16561730000.0,Total Revenue,5464940000.0,Operating Income,7462720000.0,EBIT,5403830000.0,Net Income,139821100000.0,Current Assets,1898110000.0,Current Liabilities,8410230000.0,Cash Cash Equivalents And Short Term Investments,,,105900480000.0,Total Debt,437800000.0,Net PPE,,,,,1.0,,
HONASA.NS,152921653248.0,Consumer Defensive,Household & Personal Products,Honasa Consumer Limited,INR,INR,2026-03-31,2026-03-31,23919420000.0,Total Revenue,1917650000.0,Operating Income,2695480000.0,EBIT,1999450000.0,Net Income,9589440000.0,Current Assets,5683440000.0,Current Liabilities,4364290000.0,Cash Cash Equivalents And Short Term Investments,348910000.0,Current Debt And Capital Lease Obligation,1353460000.0,Total Debt,1359060000.0,Net PPE,,,,,1.0,,
HONAUT.NS,298244472832.0,Industrials,Electrical Equipment & Parts,Honeywell Automation India Limited,INR,INR,2026-03-31,2026-03-31,46785000000.0,Total Revenue,5891000000.0,Operating Income,7185000000.0,EBIT,5250000000.0,Net Income,57960000000.0,Current Assets,16477000000.0,Current Liabilities,38053000000.0,Cash Cash Equivalents And Short Term Investments,227000000.0,Current Debt And Capital Lease Obligation,1105000000.0,Total Debt,2045000000.0,Net PPE,,,,,1.0,,
HUDCO.NS,340222902272.0,Financial Services,Credit Services,Housing and Urban Development Corporation Limited,INR,INR,2026-03-31,2026-03-31,34308000000.0,Total Revenue,,,,,40343700000.0,Net Income,,,,,24500000.0,Cash And Cash Equivalents,,,1416875600000.0,Total Debt,977100000.0,Net PPE,,,,,1.0,,
HYUNDAI.NS,1667659333632.0,Consumer Cyclical,Auto Manufacturers,Hyundai Motor India Limited,INR,INR,2026-03-31,2026-03-31,693911620000.0,Total Revenue,64032490000.0,Operating Income,73495250000.0,EBIT,54315200000.0,Net Income,184767080000.0,Current Assets,118756840000.0,Current Liabilities,105519780000.0,Cash Cash Equivalents And Short Term Investments,5629650000.0,Current Debt And Capital Lease Obligation,10975630000.0,Total Debt,139199920000.0,Net PPE,,,,,1.0,,
ICICIBANK.NS,9366389391360.0,Financial Services,Banks - Regional,ICICI Bank Limited,INR,INR,2026-03-31,2026-03-31,2234071181000.0,Total Revenue,,,,,542077028000.0,Net Income,,,,,2902489464000.0,Cash And Cash Equivalents,245182915000.0,Current Debt And Capital Lease Obligation,2076173410000.0,Total Debt,181952096000.0,Net PPE,165109619000.0,Minority Interest,,,1.0,,
ICICIGI.NS,772204593152.0,Financial Services,Insurance - Diversified,ICICI Lombard General Insurance Company Limited,INR,INR,2026-03-31,2026-03-31,281408200000.0,Total Revenue,,,37499700000.0,EBIT,27719400000.0,Net Income,,,,,46728300000.0,Cash Cash Equivalents And Short Term Investments,,,,,6614900000.0,Net PPE,,,,,1.0,,
ICICIAMC.NS,1556815544320.0,Financial Services,Asset Management,ICICI Prudential Asset Management Company Limited,INR,INR,2026-03-31,2026-03-31,57646300000.0,Total Revenue,41883200000.0,Operating Income,44246100000.0,EBIT,32982600000.0,Net Income,20213300000.0,Current Assets,5490600000.0,Current Liabilities,17445800000.0,Cash Cash Equivalents And Short Term Investments,,,,,5963200000.0,Net PPE,,,,,1.0,,
ICICIPRULI.NS,661411528704.0,Financial Services,Insurance - Life,ICICI Life Insurance Limited,INR,INR,2026-03-31,2026-03-31,622064800000.0,Total Revenue,,,20254200000.0,EBIT,16078900000.0,Net Income,,,,,179456600000.0,Cash Cash Equivalents And Short Term Investments,,,25950000000.0,Total Debt,6114900000.0,Net PPE,,,,,1.0,,
IDBI.NS,912663904256.0,Financial Services,Banks - Regional,IDBI Bank Limited,INR,INR,2026-03-31,2026-03-31,188450898000.0,Total Revenue,,,,,92099668000.0,Net Income,,,,,597426274000.0,Cash And Cash Equivalents,,,231037485000.0,Total Debt,97754710000.0,Net PPE,1778156000.0,Minority Interest,,,1.0,,
IDFCFIRSTB.NS,700345876480.0,Financial Services,Banks - Regional,IDFC First Bank Limited,INR,INR,2026-03-31,2026-03-31,294457300000.0,Total Revenue,,,,,16105600000.0,Net Income,,,,,127665000000.0,Cash And Cash Equivalents,,,366326400000.0,Total Debt,26260700000.0,Net PPE,0.0,Minority Interest,,,1.0,,
IFCI.NS,191969886208.0,Financial Services,Credit Services,IFCI Limited,INR,INR,2026-03-31,2026-03-31,13504900000.0,Total Revenue,,,,,1808700000.0,Net Income,,,,,81615300000.0,Cash And Cash Equivalents,,,35234700000.0,Total Debt,7373100000.0,Net PPE,65600900000.0,Minority Interest,,,1.0,,
IIFL.NS,256024313856.0,Financial Services,Credit Services,IIFL Finance Limited,INR,INR,2026-03-31,2026-03-31,76274900000.0,Total Revenue,,,,,16608000000.0,Net Income,,,,,42883600000.0,Cash And Cash Equivalents,,,696356400000.0,Total Debt,6415900000.0,Net PPE,16991300000.0,Minority Interest,,,1.0,,
IRB.NS,207500050432.0,Industrials,Infrastructure Operations,IRB Infrastructure Developers Limited,INR,INR,2026-03-31,2026-03-31,62523500000.0,Total Revenue,17265930000.0,Operating Income,28990720000.0,EBIT,8503600000.0,Net Income,46818110000.0,Current Assets,37796100000.0,Current Liabilities,18426450000.0,Cash Cash Equivalents And Short Term Investments,22352600000.0,Current Debt And Capital Lease Obligation,200270630000.0,Total Debt,9488940000.0,Net PPE,,,,,1.0,,
IRCON.NS,98471993344.0,Industrials,Engineering & Construction,Ircon International Limited,INR,INR,2026-03-31,2026-03-31,88648800000.0,Total Revenue,6073200000.0,Operating Income,11561300000.0,EBIT,5954700000.0,Net Income,118036600000.0,Current Assets,71506100000.0,Current Liabilities,47858700000.0,Cash Cash Equivalents And Short Term Investments,2481100000.0,Current Debt And Capital Lease Obligation,57311900000.0,Total Debt,27573300000.0,Net PPE,320500000.0,Minority Interest,,,1.0,,
ITCHOTELS.NS,336352411648.0,Consumer Cyclical,Resorts & Casinos,ITC Hotels Limited,INR,INR,2026-03-31,2026-03-31,41091200000.0,Total Revenue,10624200000.0,Operating Income,11309100000.0,EBIT,8168900000.0,Net Income,32588500000.0,Current Assets,11776100000.0,Current Liabilities,15913500000.0,Cash Cash Equivalents And Short Term Investments,17800000.0,Current Debt And Capital Lease Obligation,741900000.0,Total Debt,84247300000.0,Net PPE,406900000.0,Minority Interest,,,1.0,,
ITC.NS,3336876589056.0,Consumer Defensive,Tobacco,ITC Limited,INR,INR,2026-03-31,2026-03-31,782132800000.0,Total Revenue,255955400000.0,Operating Income,281185600000.0,EBIT,206894700000.0,Net Income,507084100000.0,Current Assets,166872700000.0,Current Liabilities,234907700000.0,Cash Cash Equivalents And Short Term Investments,21985000000.0,Current Debt And Capital Lease Obligation,23993600000.0,Total Debt,196468900000.0,Net PPE,3657200000.0,Minority Interest,,,1.0,,
ITI.NS,239557574656.0,Technology,Communication Equipment,ITI Limited,INR,INR,2026-03-31,2026-03-31,21837200000.0,Total Revenue,-128300000.0,Operating Income,4897600000.0,EBIT,2928300000.0,Net Income,68102100000.0,Current Assets,72615300000.0,Current Liabilities,27075800000.0,Cash Cash Equivalents And Short Term Investments,7649400000.0,Current Debt And Capital Lease Obligation,7650000000.0,Total Debt,21345000000.0,Net PPE,,,,,1.0,,
INDGN.NS,145929633792.0,Healthcare,Health Information Services,Indegene Limited,INR,INR,2026-03-31,2026-03-31,35105000000.0,Total Revenue,4978000000.0,Operating Income,5410000000.0,EBIT,4011000000.0,Net Income,26184000000.0,Current Assets,10862000000.0,Current Liabilities,14814000000.0,Cash Cash Equivalents And Short Term Investments,394000000.0,Current Debt And Capital Lease Obligation,1444000000.0,Total Debt,2058000000.0,Net PPE,,,,,1.0,,
INDIACEM.NS,146147328000.0,Basic Materials,Building Materials,The India Cements Limited,INR,INR,2026-03-31,2026-03-31,44544212000.0,Total Revenue,972147000.0,Operating Income,343172000.0,EBIT,-672504000.0,Net Income,15844464000.0,Current Assets,15756924000.0,Current Liabilities,622320000.0,Cash Cash Equivalents And Short Term Investments,3285196000.0,Current Debt And Capital Lease Obligation,13048031000.0,Total Debt,115828357000.0,Net PPE,0.0,Minority Interest,,,1.0,,
INDIAMART.NS,981829615616.0,Consumer Cyclical,Internet Retail,IndiaMART InterMESH Limited,INR,INR,2026-03-31,2026-03-31,15690420000.0,Total Revenue,5056050000.0,Operating Income,6509240000.0,EBIT,4746820000.0,Net Income,31935850000.0,Current Assets,13649720000.0,Current Liabilities,31202650000.0,Cash Cash Equivalents And Short Term Investments,100120000.0,Current Debt And Capital Lease Obligation,231020000.0,Total Debt,215750000.0,Net PPE,,,,,1.0,,
INDIANB.NS,1096967520256.0,Financial Services,Banks - Regional,Indian Bank,INR,INR,2026-03-31,2026-03-31,377937800000.0,Total Revenue,,,,,117042800000.0,Net Income,,,,,656996900000.0,Cash And Cash Equivalents,,,368065700000.0,Total Debt,86768100000.0,Net PPE,347200000.0,Minority Interest,,,1.0,,
IEX.NS,99699458048.0,Financial Services,Capital Markets,Indian Energy Exchange Limited,INR,INR,2026-03-31,2026-03-31,6152095000.0,Total Revenue,4967474000.0,Operating Income,6478464000.0,EBIT,4929212000.0,Net Income,20322296000.0,Current Assets,10185298000.0,Current Liabilities,14605700000.0,Cash Cash Equivalents And Short Term Investments,46285000.0,Current Debt And Capital Lease Obligation,111559000.0,Total Debt,293911000.0,Net PPE,0.0,Minority Interest,,,1.0,,
INDHOTEL.NS,1037360889856.0,Consumer Cyclical,Lodging,The Indian Hotels Company Limited,INR,INR,2026-03-31,2026-03-31,93066800000.0,Total Revenue,25906700000.0,Operating Income,31471300000.0,EBIT,20843800000.0,Net Income,55765400000.0,Current Assets,22351900000.0,Current Liabilities,43148800000.0,Cash Cash Equivalents And Short Term Investments,864800000.0,Current Debt And Capital Lease Obligation,28365500000.0,Total Debt,112065500000.0,Net PPE,18870300000.0,Minority Interest,,,1.0,,
IOC.NS,,Energy,Oil & Gas Refining & Marketing,Indian Oil Corporation Limited,INR,INR,2026-03-31,2026-03-31,7739928000000.0,Total Revenue,682538900000.0,Operating Income,652344100000.0,EBIT,420962600000.0,Net Income,1568107700000.0,Current Assets,2112058000000.0,Current Liabilities,112811000000.0,Cash Cash Equivalents And Short Term Investments,681702900000.0,Current Debt And Capital Lease Obligation,1318223900000.0,Total Debt,2895753900000.0,Net PPE,60295600000.0,Minority Interest,,,1.0,,
IOB.NS,606775148544.0,Financial Services,Banks - Regional,Indian Overseas Bank,INR,INR,2026-03-31,2026-03-31,184184259000.0,Total Revenue,,,,,54184659000.0,Net Income,,,,,252225739000.0,Cash And Cash Equivalents,,,516025720000.0,Total Debt,50745435000.0,Net PPE,0.0,Minority Interest,,,1.0,,
IRCTC.NS,363599986688.0,Consumer Cyclical,Travel Services,Indian Railway Catering & Tourism Corporation Limited,INR,INR,2026-03-31,2026-03-31,52143633000.0,Total Revenue,16273519000.0,Operating Income,18934434000.0,EBIT,13934547000.0,Net Income,64164708000.0,Current Assets,29777745000.0,Current Liabilities,27985971000.0,Cash Cash Equivalents And Short Term Investments,193099000.0,Current Debt And Capital Lease Obligation,807259000.0,Total Debt,8317734000.0,Net PPE,,,,,1.0,,
IRFC.NS,1039991767040.0,Financial Services,Credit Services,Indian Railway Finance Corporation Limited,INR,INR,2026-03-31,2026-03-31,270752700000.0,Total Revenue,175547400000.0,Operating Income,176219000000.0,EBIT,70091700000.0,Net Income,480497900000.0,Current Assets,531333100000.0,Current Liabilities,78067500000.0,Cash Cash Equivalents And Short Term Investments,312862100000.0,Current Debt And Capital Lease Obligation,4364711500000.0,Total Debt,179600000.0,Net PPE,,,,,1.0,,
IREDA.NS,328202518528.0,Financial Services,Credit Services,Indian Renewable Energy Development Agency Limited,INR,INR,2026-03-31,2026-03-31,81255200000.0,Total Revenue,55040500000.0,Operating Income,48824100000.0,EBIT,18740000000.0,Net Income,910996000000.0,Current Assets,12561900000.0,Current Liabilities,7502000000.0,Cash Cash Equivalents And Short Term Investments,,,778629900000.0,Total Debt,3160100000.0,Net PPE,,,,,1.0,,
IGL.NS,201992224768.0,Utilities,Utilities - Regulated Gas,Indraprastha Gas Limited,INR,INR,2026-03-31,2026-03-31,161066400000.0,Total Revenue,13651700000.0,Operating Income,19920200000.0,EBIT,15496200000.0,Net Income,55715800000.0,Current Assets,48234400000.0,Current Liabilities,42630200000.0,Cash Cash Equivalents And Short Term Investments,169400000.0,Current Debt And Capital Lease Obligation,977500000.0,Total Debt,95699200000.0,Net PPE,205800000.0,Minority Interest,,,1.0,,
INDUSTOWER.NS,973391462400.0,Communication Services,Telecom Services,Indus Towers Limited,INR,INR,2026-03-31,2026-03-31,324931000000.0,Total Revenue,108348000000.0,Operating Income,114606000000.0,EBIT,71449000000.0,Net Income,155184000000.0,Current Assets,90030000000.0,Current Liabilities,58525000000.0,Cash Cash Equivalents And Short Term Investments,35975000000.0,Current Debt And Capital Lease Obligation,211269000000.0,Total Debt,501150000000.0,Net PPE,,,,,1.0,,
INDUSINDBK.NS,701541908480.0,Financial Services,Banks - Regional,IndusInd Bank Limited,INR,INR,2026-03-31,2026-03-31,251281980000.0,Total Revenue,,,,,8893400000.0,Net Income,,,,,639091293000.0,Cash And Cash Equivalents,,,427891852000.0,Total Debt,25459102000.0,Net PPE,,,,,1.0,,
NAUKRI.NS,803971858432.0,Communication Services,Internet Content & Information,Info Edge (India) Limited,INR,INR,2026-03-31,2026-03-31,32847320000.0,Total Revenue,10656030000.0,Operating Income,21488040000.0,EBIT,14498140000.0,Net Income,48918900000.0,Current Assets,19821180000.0,Current Liabilities,45885430000.0,Cash Cash Equivalents And Short Term Investments,419700000.0,Current Debt And Capital Lease Obligation,2585300000.0,Total Debt,3775810000.0,Net PPE,24563100000.0,Minority Interest,,,1.0,,
INFY.NS,4054394077184.0,Technology,Information Technology Services,Infosys Limited,INR,USD,2026-03-31,2026-03-31,20158000000.0,Total Revenue,4089000000.0,Operating Income,4553000000.0,EBIT,3313000000.0,Net Income,10912000000.0,Current Assets,5516000000.0,Current Liabilities,3752000000.0,Cash Cash Equivalents And Short Term Investments,333000000.0,Current Debt And Capital Lease Obligation,967000000.0,Total Debt,2057000000.0,Net PPE,54000000.0,Minority Interest,,,94.35590362548828,2026-03-31,
INOXWIND.NS,127060041728.0,Industrials,Specialty Industrial Machinery,Inox Wind Limited,INR,INR,2026-03-31,2026-03-31,42113015000.0,Total Revenue,7206302000.0,Operating Income,7756833000.0,EBIT,4050428000.0,Net Income,76121500000.0,Current Assets,37888286000.0,Current Liabilities,1308143000.0,Cash Cash Equivalents And Short Term Investments,12824975000.0,Current Debt And Capital Lease Obligation,15869467000.0,Total Debt,28094295000.0,Net PPE,13104466000.0,Minority Interest,,,1.0,,
INTELLECT.NS,88874811392.0,Technology,Software - Application,Intellect Design Arena Limited,INR,INR,2026-03-31,2026-03-31,30381810000.0,Total Revenue,4056110000.0,Operating Income,4663770000.0,EBIT,3454330000.0,Net Income,24641950000.0,Current Assets,11692900000.0,Current Liabilities,8135720000.0,Cash Cash Equivalents And Short Term Investments,326710000.0,Current Debt And Capital Lease Obligation,1587050000.0,Total Debt,3435680000.0,Net PPE,291210000.0,Minority Interest,,,1.0,,
INDIGO.NS,1893313019904.0,Industrials,Airlines,InterGlobe Aviation Limited,INR,INR,2026-03-31,2026-03-31,827089000000.0,Total Revenue,102826000000.0,Operating Income,39303000000.0,EBIT,-23919000000.0,Net Income,579292000000.0,Current Assets,382710000000.0,Current Liabilities,393348000000.0,Cash Cash Equivalents And Short Term Investments,132787000000.0,Current Debt And Capital Lease Obligation,777492000000.0,Total Debt,647222000000.0,Net PPE,163000000.0,Minority Interest,,,1.0,,
IGIL.NS,140451889152.0,Basic Materials,Other Precious Metals & Mining,International Gemological Institute Limited,INR,INR,2025-12-31,2025-12-31,10531600000.0,Total Revenue,5582530000.0,Operating Income,5935850000.0,EBIT,4272900000.0,Net Income,10802510000.0,Current Assets,2092550000.0,Current Liabilities,8155710000.0,Cash Cash Equivalents And Short Term Investments,235470000.0,Current Debt And Capital Lease Obligation,1426030000.0,Total Debt,3494020000.0,Net PPE,,,,,1.0,,
IKS.NS,297400434688.0,Healthcare,Health Information Services,Inventurus Knowledge Solutions Limited,INR,INR,2026-03-31,2026-03-31,31937880000.0,Total Revenue,9063060000.0,Operating Income,9749890000.0,EBIT,7215540000.0,Net Income,13096430000.0,Current Assets,9700520000.0,Current Liabilities,6089540000.0,Cash Cash Equivalents And Short Term Investments,3986110000.0,Current Debt And Capital Lease Obligation,7525150000.0,Total Debt,1474980000.0,Net PPE,,,,,1.0,,
IPCALAB.NS,488329904128.0,Healthcare,Drug Manufacturers - Specialty & Generic,Ipca Laboratories Limited,INR,INR,2026-03-31,2026-03-31,95625400000.0,Total Revenue,16302000000.0,Operating Income,16482500000.0,EBIT,11411200000.0,Net Income,63768600000.0,Current Assets,23069300000.0,Current Liabilities,11955800000.0,Cash Cash Equivalents And Short Term Investments,6127500000.0,Current Debt And Capital Lease Obligation,8087600000.0,Total Debt,52708900000.0,Net PPE,14602500000.0,Minority Interest,,,1.0,,
JKCEMENT.NS,385336737792.0,Basic Materials,Building Materials,J.K. Cement Limited,INR,INR,2026-03-31,2026-03-31,133909700000.0,Total Revenue,17350100000.0,Operating Income,18624000000.0,EBIT,9924900000.0,Net Income,41617300000.0,Current Assets,44745000000.0,Current Liabilities,9246700000.0,Cash Cash Equivalents And Short Term Investments,14342900000.0,Current Debt And Capital Lease Obligation,61829900000.0,Total Debt,124038400000.0,Net PPE,530600000.0,Minority Interest,,,1.0,,
JBMA.NS,137178497024.0,Consumer Cyclical,Auto Parts,JBM Auto Limited,INR,INR,2026-03-31,2026-03-31,58115342000.0,Total Revenue,5387391000.0,Operating Income,6246085000.0,EBIT,2187752000.0,Net Income,50501182000.0,Current Assets,45750403000.0,Current Liabilities,1278534000.0,Cash Cash Equivalents And Short Term Investments,21909112000.0,Current Debt And Capital Lease Obligation,31454732000.0,Total Debt,14923929000.0,Net PPE,534739000.0,Minority Interest,,,1.0,,
JKTYRE.NS,97831043072.0,Consumer Cyclical,Auto Parts,JK Tyre & Industries Limited,INR,INR,2026-03-31,2026-03-31,161884100000.0,Total Revenue,15610400000.0,Operating Income,14665000000.0,EBIT,7760900000.0,Net Income,72951700000.0,Current Assets,54267600000.0,Current Liabilities,2848500000.0,Cash Cash Equivalents And Short Term Investments,22635100000.0,Current Debt And Capital Lease Obligation,48815400000.0,Total Debt,80214100000.0,Net PPE,-6600000.0,Minority Interest,,,1.0,,
JMFINANCIL.NS,120592195584.0,Financial Services,Capital Markets,JM Financial Limited,INR,INR,2026-03-31,2026-03-31,34976600000.0,Total Revenue,,,,,12019700000.0,Net Income,,,,,4721900000.0,Cash And Cash Equivalents,,,116694400000.0,Total Debt,6993100000.0,Net PPE,7006500000.0,Minority Interest,,,1.0,,
JSWCEMENT.NS,152210882560.0,Basic Materials,Building Materials,JSW Cement Limited,INR,INR,2026-03-31,2026-03-31,65124600000.0,Total Revenue,9198000000.0,Operating Income,-4329400000.0,EBIT,-7563200000.0,Net Income,28725300000.0,Current Assets,39700100000.0,Current Liabilities,4475400000.0,Cash Cash Equivalents And Short Term Investments,10375200000.0,Current Debt And Capital Lease Obligation,44643900000.0,Total Debt,94642500000.0,Net PPE,-225600000.0,Minority Interest,,,1.0,,
JSWDULUX.NS,144176070656.0,Basic Materials,Specialty Chemicals,JSW Dulux Limited,INR,INR,2026-03-31,2026-03-31,35804000000.0,Total Revenue,4281000000.0,Operating Income,23759000000.0,EBIT,19738000000.0,Net Income,17994000000.0,Current Assets,11432000000.0,Current Liabilities,2698000000.0,Cash Cash Equivalents And Short Term Investments,160000000.0,Current Debt And Capital Lease Obligation,791000000.0,Total Debt,5097000000.0,Net PPE,,,,,1.0,,
JSWENERGY.NS,923516010496.0,Utilities,Utilities - Independent Power Producers,JSW Energy Limited,INR,INR,2026-03-31,2026-03-31,186920900000.0,Total Revenue,71775100000.0,Operating Income,76092900000.0,EBIT,22393100000.0,Net Income,154066700000.0,Current Assets,202300200000.0,Current Liabilities,81090100000.0,Cash Cash Equivalents And Short Term Investments,110204300000.0,Current Debt And Capital Lease Obligation,769463600000.0,Total Debt,815227000000.0,Net PPE,28258500000.0,Minority Interest,,,1.0,,
JSWINFRA.NS,818293964800.0,Industrials,Marine Shipping,JSW Infrastructure Limited,INR,INR,2026-03-31,2026-03-31,53210400000.0,Total Revenue,20029400000.0,Operating Income,22099300000.0,EBIT,15233100000.0,Net Income,44224000000.0,Current Assets,19480400000.0,Current Liabilities,24517600000.0,Cash Cash Equivalents And Short Term Investments,4892800000.0,Current Debt And Capital Lease Obligation,68989200000.0,Total Debt,110557000000.0,Net PPE,8152400000.0,Minority Interest,,,1.0,,
JSWSTEEL.NS,3092475281408.0,Basic Materials,Steel,JSW Steel Limited,INR,INR,2026-03-31,2026-03-31,1820370000000.0,Total Revenue,233450000000.0,Operating Income,375500000000.0,EBIT,223160000000.0,Net Income,1034350000000.0,Current Assets,693770000000.0,Current Liabilities,496390000000.0,Cash Cash Equivalents And Short Term Investments,402130000000.0,Current Debt And Capital Lease Obligation,1190790000000.0,Total Debt,1389740000000.0,Net PPE,54220000000.0,Minority Interest,,,1.0,,
JAINREC.NS,97987125248.0,Basic Materials,Other Industrial Metals & Mining,Jain Resource Recycling Limited,INR,INR,2026-03-31,2026-03-31,94119140000.0,Total Revenue,5508520000.0,Operating Income,5718100000.0,EBIT,3522150000.0,Net Income,31846510000.0,Current Assets,17706700000.0,Current Liabilities,2137640000.0,Cash Cash Equivalents And Short Term Investments,12720710000.0,Current Debt And Capital Lease Obligation,12758860000.0,Total Debt,1861530000.0,Net PPE,-31360000.0,Minority Interest,,,1.0,,
JPPOWER.NS,107119566848.0,Utilities,Utilities - Independent Power Producers,Jaiprakash Power Ventures Limited,INR,INR,2026-03-31,2026-03-31,55634400000.0,Total Revenue,9073000000.0,Operating Income,11063400000.0,EBIT,4506300000.0,Net Income,41924100000.0,Current Assets,15545400000.0,Current Liabilities,7549500000.0,Cash Cash Equivalents And Short Term Investments,5086600000.0,Current Debt And Capital Lease Obligation,33910800000.0,Total Debt,125446500000.0,Net PPE,0.0,Minority Interest,38055300000.0,Preferred Stock Equity,1.0,,
J&KBANK.NS,159264030720.0,Financial Services,Banks - Regional,Jammu and Kashmir Bank Limited,INR,INR,2026-03-31,2026-03-31,68739437000.0,Total Revenue,,,,,23594983000.0,Net Income,,,,,207695952000.0,Cash And Cash Equivalents,,,33810000000.0,Total Debt,25329560000.0,Net PPE,0.0,Minority Interest,,,1.0,,
JINDALSAW.NS,177131143168.0,Basic Materials,Steel,Jindal Saw Limited,INR,INR,2026-03-31,2026-03-31,172763777000.0,Total Revenue,15490586000.0,Operating Income,15000487000.0,EBIT,9733523000.0,Net Income,99725645000.0,Current Assets,61876727000.0,Current Liabilities,5003885000.0,Cash Cash Equivalents And Short Term Investments,25672195000.0,Current Debt And Capital Lease Obligation,46736409000.0,Total Debt,109267638000.0,Net PPE,-2915272000.0,Minority Interest,,,1.0,,
JSL.NS,615820099584.0,Basic Materials,Steel,Jindal Stainless Limited,INR,INR,2026-03-31,2026-03-31,428390100000.0,Total Revenue,44407600000.0,Operating Income,47558400000.0,EBIT,31934500000.0,Net Income,175005000000.0,Current Assets,139876400000.0,Current Liabilities,19707300000.0,Cash Cash Equivalents And Short Term Investments,24306300000.0,Current Debt And Capital Lease Obligation,74603300000.0,Total Debt,186153400000.0,Net PPE,908900000.0,Minority Interest,,,1.0,,
JINDALSTEL.NS,1165736148992.0,Basic Materials,Steel,Jindal Steel Limited,INR,INR,2026-03-31,2026-03-31,435614000000.0,Total Revenue,60081400000.0,Operating Income,60096300000.0,EBIT,33673800000.0,Net Income,227478700000.0,Current Assets,181480200000.0,Current Liabilities,45175500000.0,Cash Cash Equivalents And Short Term Investments,24591500000.0,Current Debt And Capital Lease Obligation,226095500000.0,Total Debt,721903800000.0,Net PPE,9420500000.0,Minority Interest,,,1.0,,
JIOFIN.NS,1474613608448.0,Financial Services,Asset Management,Jio Financial Services Limited,INR,INR,2026-03-31,2026-03-31,31853100000.0,Total Revenue,22909700000.0,Operating Income,26567500000.0,EBIT,15609000000.0,Net Income,299939700000.0,Current Assets,104308900000.0,Current Liabilities,168273600000.0,Cash Cash Equivalents And Short Term Investments,87696400000.0,Current Debt And Capital Lease Obligation,217683600000.0,Total Debt,664600000.0,Net PPE,,,,,1.0,,
JUBLFOOD.NS,,Consumer Cyclical,Restaurants,Jubilant FoodWorks Limited,INR,INR,2026-03-31,2026-03-31,89243980000.0,Total Revenue,9472900000.0,Operating Income,9760500000.0,EBIT,4284810000.0,Net Income,12999270000.0,Current Assets,35356920000.0,Current Liabilities,3349380000.0,Cash Cash Equivalents And Short Term Investments,18006680000.0,Current Debt And Capital Lease Obligation,49022160000.0,Total Debt,53593370000.0,Net PPE,955270000.0,Minority Interest,,,1.0,,
JUBLINGREA.NS,103777484800.0,Basic Materials,Specialty Chemicals,Jubilant Ingrevia Limited,INR,INR,2026-03-31,2026-03-31,43448460000.0,Total Revenue,4131680000.0,Operating Income,4182700000.0,EBIT,2778990000.0,Net Income,20463740000.0,Current Assets,15917130000.0,Current Liabilities,1955360000.0,Cash Cash Equivalents And Short Term Investments,4620730000.0,Current Debt And Capital Lease Obligation,7918100000.0,Total Debt,33122310000.0,Net PPE,,,,,1.0,,
JUBLPHARMA.NS,167636975616.0,Healthcare,Drug Manufacturers - Specialty & Generic,Jubilant Pharmova Limited,INR,INR,2026-03-31,2026-03-31,82251000000.0,Total Revenue,8194000000.0,Operating Income,8155000000.0,EBIT,3985000000.0,Net Income,41093000000.0,Current Assets,25389000000.0,Current Liabilities,12826000000.0,Cash Cash Equivalents And Short Term Investments,3148000000.0,Current Debt And Capital Lease Obligation,36147000000.0,Total Debt,69215000000.0,Net PPE,28000000.0,Minority Interest,,,1.0,,
JWL.NS,96124149760.0,Industrials,Railroads,Jupiter Wagons Limited,INR,INR,2026-03-31,2026-03-31,28881139000.0,Total Revenue,3062725000.0,Operating Income,3020810000.0,EBIT,1710829000.0,Net Income,27090268000.0,Current Assets,13545993000.0,Current Liabilities,6511066000.0,Cash Cash Equivalents And Short Term Investments,6877897000.0,Current Debt And Capital Lease Obligation,9964552000.0,Total Debt,17007250000.0,Net PPE,80979000.0,Minority Interest,,,1.0,,
JYOTICNC.NS,238532722688.0,Industrials,Specialty Industrial Machinery,Jyoti CNC Automation Limited,INR,INR,2026-03-31,2026-03-31,20911200000.0,Total Revenue,4765400000.0,Operating Income,5311600000.0,EBIT,3360000000.0,Net Income,26578700000.0,Current Assets,11783800000.0,Current Liabilities,528700000.0,Cash Cash Equivalents And Short Term Investments,4399600000.0,Current Debt And Capital Lease Obligation,8527500000.0,Total Debt,8682500000.0,Net PPE,,,,,1.0,,
KPRMILL.NS,378692927488.0,Consumer Cyclical,Textile Manufacturing,K.P.R. Mill Limited,INR,INR,2026-03-31,2026-03-31,63776400000.0,Total Revenue,10865100000.0,Operating Income,11764400000.0,EBIT,8665000000.0,Net Income,41842400000.0,Current Assets,9570000000.0,Current Liabilities,14308000000.0,Cash Cash Equivalents And Short Term Investments,5703300000.0,Current Debt And Capital Lease Obligation,5961400000.0,Total Debt,25523300000.0,Net PPE,,,,,1.0,,
KEI.NS,436512292864.0,Industrials,Electrical Equipment & Parts,KEI Industries Limited,INR,INR,2026-03-31,2026-03-31,115736020000.0,Total Revenue,11559850000.0,Operating Income,12842930000.0,EBIT,9184330000.0,Net Income,61568250000.0,Current Assets,20776980000.0,Current Liabilities,11154120000.0,Cash Cash Equivalents And Short Term Investments,1952820000.0,Current Debt And Capital Lease Obligation,2530240000.0,Total Debt,27812050000.0,Net PPE,,,,,1.0,,
KPITTECH.NS,139080892416.0,Technology,Software - Application,KPIT Technologies Limited,INR,INR,2026-03-31,2026-03-31,64549310000.0,Total Revenue,10451120000.0,Operating Income,9452640000.0,EBIT,6373390000.0,Net Income,28961460000.0,Current Assets,28117450000.0,Current Liabilities,14934370000.0,Cash Cash Equivalents And Short Term Investments,4278640000.0,Current Debt And Capital Lease Obligation,8383870000.0,Total Debt,6270960000.0,Net PPE,79690000.0,Minority Interest,,,1.0,,
KAJARIACER.NS,188383100928.0,Industrials,Building Products & Equipment,Kajaria Ceramics Limited,INR,INR,2026-03-31,2026-03-31,48246300000.0,Total Revenue,6995300000.0,Operating Income,7044500000.0,EBIT,4854100000.0,Net Income,19823300000.0,Current Assets,6669600000.0,Current Liabilities,5781300000.0,Cash Cash Equivalents And Short Term Investments,1072500000.0,Current Debt And Capital Lease Obligation,2285900000.0,Total Debt,17636600000.0,Net PPE,649000000.0,Minority Interest,,,1.0,,
KPIL.NS,235734417408.0,Industrials,Engineering & Construction,Kalpataru Projects International Limited,INR,INR,2026-03-31,2026-03-31,269111200000.0,Total Revenue,19485900000.0,Operating Income,18186000000.0,EBIT,10400500000.0,Net Income,232542700000.0,Current Assets,185902600000.0,Current Liabilities,20786900000.0,Cash Cash Equivalents And Short Term Investments,27658100000.0,Current Debt And Capital Lease Obligation,35426200000.0,Total Debt,30265600000.0,Net PPE,-439500000.0,Minority Interest,,,1.0,,
KALYANKJIL.NS,586344366080.0,Consumer Cyclical,Luxury Goods,Kalyan Jewellers India Limited,INR,INR,2026-03-31,2026-03-31,356157780000.0,Total Revenue,21736590000.0,Operating Income,21726890000.0,EBIT,13503950000.0,Net Income,163307290000.0,Current Assets,125677330000.0,Current Liabilities,3065950000.0,Cash Cash Equivalents And Short Term Investments,44062440000.0,Current Debt And Capital Lease Obligation,61173380000.0,Total Debt,33184150000.0,Net PPE,,,,,1.0,,
KARURVYSYA.NS,311895195648.0,Financial Services,Banks - Regional,The Karur Vysya Bank Limited,INR,INR,2026-03-31,2026-03-31,70228700000.0,Total Revenue,,,,,25103300000.0,Net Income,,,,,53026400000.0,Cash And Cash Equivalents,,,26225600000.0,Total Debt,5016200000.0,Net PPE,,,,,1.0,,
KAYNES.NS,245489795072.0,Technology,Electronic Components,Kaynes Technology India Limited,INR,INR,2026-03-31,2026-03-31,36263540000.0,Total Revenue,4759190000.0,Operating Income,6187970000.0,EBIT,3638900000.0,Net Income,38472890000.0,Current Assets,17313040000.0,Current Liabilities,7956530000.0,Cash Cash Equivalents And Short Term Investments,5438640000.0,Current Debt And Capital Lease Obligation,9128730000.0,Total Debt,15684910000.0,Net PPE,141350000.0,Minority Interest,,,1.0,,
KEC.NS,104496807936.0,Industrials,Engineering & Construction,KEC International Limited,INR,INR,2026-03-31,2026-03-31,233013200000.0,Total Revenue,17503900000.0,Operating Income,14429700000.0,EBIT,6055900000.0,Net Income,222090800000.0,Current Assets,180078200000.0,Current Liabilities,4680600000.0,Cash Cash Equivalents And Short Term Investments,44957900000.0,Current Debt And Capital Lease Obligation,53777600000.0,Total Debt,15828700000.0,Net PPE,,,,,1.0,,
KFINTECH.NS,153164660736.0,Technology,Software - Application,KFin Technologies Limited,INR,INR,2026-03-31,2026-03-31,12743290000.0,Total Revenue,4495060000.0,Operating Income,4724880000.0,EBIT,3437120000.0,Net Income,8996480000.0,Current Assets,2722690000.0,Current Liabilities,5569050000.0,Cash Cash Equivalents And Short Term Investments,189910000.0,Current Debt And Capital Lease Obligation,554430000.0,Total Debt,1376420000.0,Net PPE,,,,,1.0,,
KIRLOSENG.NS,308341997568.0,Industrials,Specialty Industrial Machinery,Kirloskar Oil Engines Limited,INR,INR,2026-03-31,2026-03-31,76412900000.0,Total Revenue,12448100000.0,Operating Income,12412500000.0,EBIT,5743200000.0,Net Income,54281100000.0,Current Assets,38996000000.0,Current Liabilities,15653100000.0,Cash Cash Equivalents And Short Term Investments,22170100000.0,Current Debt And Capital Lease Obligation,53743300000.0,Total Debt,10931600000.0,Net PPE,-450600000.0,Minority Interest,,,1.0,,
KOTAKBANK.NS,3980147556352.0,Financial Services,Banks - Regional,Kotak Mahindra Bank Limited,INR,INR,2026-03-31,2026-03-31,757885305000.0,Total Revenue,,,,,192878925000.0,Net Income,,,,,1034828436000.0,Cash And Cash Equivalents,,,953935315000.0,Total Debt,28528046000.0,Net PPE,,,,,1.0,,
KIMS.NS,321178959872.0,Healthcare,Medical Care Facilities,Krishna Institute of Medical Sciences Limited,INR,INR,2026-03-31,2026-03-31,38721000000.0,Total Revenue,5354000000.0,Operating Income,5306000000.0,EBIT,2414000000.0,Net Income,9374000000.0,Current Assets,12389000000.0,Current Liabilities,705000000.0,Cash Cash Equivalents And Short Term Investments,6155000000.0,Current Debt And Capital Lease Obligation,42529000000.0,Total Debt,60541000000.0,Net PPE,3111000000.0,Minority Interest,,,1.0,,
LTF.NS,705788903424.0,Financial Services,Credit Services,L&T Finance Limited,INR,INR,2026-03-31,2026-03-31,106351800000.0,Total Revenue,,,,,29811800000.0,Net Income,,,,,58776300000.0,Cash And Cash Equivalents,,,1102976600000.0,Total Debt,8585500000.0,Net PPE,505000000.0,Minority Interest,,,1.0,,
LTTS.NS,336123723776.0,Technology,Information Technology Services,L&T Technology Services Limited,INR,INR,2026-03-31,2026-03-31,109959000000.0,Total Revenue,15905000000.0,Operating Income,17386000000.0,EBIT,12792000000.0,Net Income,73664000000.0,Current Assets,32356000000.0,Current Liabilities,30886000000.0,Cash Cash Equivalents And Short Term Investments,1693000000.0,Current Debt And Capital Lease Obligation,5785000000.0,Total Debt,8703000000.0,Net PPE,195000000.0,Minority Interest,,,1.0,,
LGEINDIA.NS,1179299217408.0,Technology,Consumer Electronics,LG Electronics India Limited,INR,INR,2026-03-31,2026-03-31,244594190000.0,Total Revenue,21794360000.0,Operating Income,23400950000.0,EBIT,16850930000.0,Net Income,107583370000.0,Current Assets,51698320000.0,Current Liabilities,44110520000.0,Cash Cash Equivalents And Short Term Investments,1147750000.0,Current Debt And Capital Lease Obligation,4591560000.0,Total Debt,22668720000.0,Net PPE,,,,,1.0,,
LICHSGFIN.NS,314278477824.0,Financial Services,Mortgage Finance,LIC Housing Finance Limited,INR,INR,2026-03-31,2026-03-31,85499500000.0,Total Revenue,,,,,56036700000.0,Net Income,,,,,9323000000.0,Cash And Cash Equivalents,,,2662193700000.0,Total Debt,3503400000.0,Net PPE,41100000.0,Minority Interest,,,1.0,,
LTFOODS.NS,143207104512.0,Consumer Defensive,Packaged Foods,LT Foods Limited,INR,INR,2026-03-31,2026-03-31,108941158000.0,Total Revenue,9136140000.0,Operating Income,9883885000.0,EBIT,6253843000.0,Net Income,64864935000.0,Current Assets,36785735000.0,Current Liabilities,3475883000.0,Cash Cash Equivalents And Short Term Investments,10834953000.0,Current Debt And Capital Lease Obligation,16100461000.0,Total Debt,17449578000.0,Net PPE,0.0,Minority Interest,,,1.0,,
LTM.NS,1222606061568.0,Technology,Information Technology Services,LTM Limited,INR,INR,2026-03-31,2026-03-31,423076000000.0,Total Revenue,65465000000.0,Operating Income,69610000000.0,EBIT,50181000000.0,Net Income,276972000000.0,Current Assets,97837000000.0,Current Liabilities,146009000000.0,Cash Cash Equivalents And Short Term Investments,4141000000.0,Current Debt And Capital Lease Obligation,23100000000.0,Total Debt,50932000000.0,Net PPE,827000000.0,Minority Interest,,,1.0,,
LT.NS,5228291162112.0,Industrials,Engineering & Construction,Larsen & Toubro Limited,INR,INR,2026-03-31,2026-03-31,2842251900000.0,Total Revenue,270705700000.0,Operating Income,288227300000.0,EBIT,160839900000.0,Net Income,3183113200000.0,Current Assets,2544975100000.0,Current Liabilities,766249000000.0,Cash Cash Equivalents And Short Term Investments,589909500000.0,Current Debt And Capital Lease Obligation,1254970400000.0,Total Debt,225991100000.0,Net PPE,192406600000.0,Minority Interest,,,1.0,,
LATENTVIEW.NS,50248744960.0,Industrials,Consulting Services,Latent View Analytics Limited,INR,INR,2026-03-31,2026-03-31,10601920000.0,Total Revenue,1958520000.0,Operating Income,2709530000.0,EBIT,1981220000.0,Net Income,9949850000.0,Current Assets,2454630000.0,Current Liabilities,7217580000.0,Cash Cash Equivalents And Short Term Investments,116940000.0,Current Debt And Capital Lease Obligation,332410000.0,Total Debt,564660000.0,Net PPE,286920000.0,Minority Interest,,,1.0,,
LAURUSLABS.NS,1084946907136.0,Healthcare,Drug Manufacturers - Specialty & Generic,Laurus Labs Limited,INR,INR,2026-03-31,2026-03-31,67212300000.0,Total Revenue,13063700000.0,Operating Income,13429300000.0,EBIT,8887900000.0,Net Income,48292100000.0,Current Assets,36354300000.0,Current Liabilities,1126500000.0,Cash Cash Equivalents And Short Term Investments,17956500000.0,Current Debt And Capital Lease Obligation,25184800000.0,Total Debt,48792200000.0,Net PPE,1313000000.0,Minority Interest,,,1.0,,
THELEELA.NS,180504231936.0,Consumer Cyclical,Lodging,Leela Palaces Hotels & Resorts Limited,INR,INR,2026-03-31,2026-03-31,15272900000.0,Total Revenue,6428860000.0,Operating Income,6914580000.0,EBIT,4031340000.0,Net Income,5564150000.0,Current Assets,5456360000.0,Current Liabilities,1480210000.0,Cash Cash Equivalents And Short Term Investments,2478300000.0,Current Debt And Capital Lease Obligation,18109510000.0,Total Debt,68478970000.0,Net PPE,490310000.0,Minority Interest,,,1.0,,
LEMONTREE.NS,82827255808.0,Consumer Cyclical,Lodging,Lemon Tree Hotels Limited,INR,INR,2026-03-31,2026-03-31,13194249000.0,Total Revenue,5554270000.0,Operating Income,5310520000.0,EBIT,2270968000.0,Net Income,4294687000.0,Current Assets,3537530000.0,Current Liabilities,1641208000.0,Cash Cash Equivalents And Short Term Investments,1979276000.0,Current Debt And Capital Lease Obligation,20036470000.0,Total Debt,35394235000.0,Net PPE,6872454000.0,Minority Interest,,,1.0,,
LENSKART.NS,1142231138304.0,Healthcare,Medical Instruments & Supplies,Lenskart Solutions Limited,INR,INR,2026-03-31,2026-03-31,87898620000.0,Total Revenue,7748310000.0,Operating Income,8587840000.0,EBIT,4936140000.0,Net Income,56704290000.0,Current Assets,25075590000.0,Current Liabilities,36758010000.0,Cash Cash Equivalents And Short Term Investments,7637360000.0,Current Debt And Capital Lease Obligation,30965960000.0,Total Debt,47048190000.0,Net PPE,1132290000.0,Minority Interest,,,1.0,,
LICI.NS,5077075492864.0,Financial Services,Insurance - Life,Life Insurance Corporation of India,INR,INR,2026-03-31,2026-03-31,9688246800000.0,Total Revenue,,,576571900000.0,EBIT,574531500000.0,Net Income,,,,,1003061700000.0,Cash Cash Equivalents And Short Term Investments,,,,,44625100000.0,Net PPE,2752700000.0,Minority Interest,,,1.0,,
LINDEINDIA.NS,528634249216.0,Basic Materials,Specialty Chemicals,Linde India Limited,INR,INR,2026-03-31,2026-03-31,25304840000.0,Total Revenue,6754570000.0,Operating Income,7479730000.0,EBIT,5489650000.0,Net Income,10515150000.0,Current Assets,12200190000.0,Current Liabilities,1104460000.0,Cash Cash Equivalents And Short Term Investments,36370000.0,Current Debt And Capital Lease Obligation,789160000.0,Total Debt,42211470000.0,Net PPE,,,,,1.0,,
LLOYDSME.NS,1031712210944.0,Basic Materials,Steel,Lloyds Metals and Energy Limited,INR,INR,2026-03-31,2026-03-31,168224300000.0,Total Revenue,56839000000.0,Operating Income,57259400000.0,EBIT,36808500000.0,Net Income,98239000000.0,Current Assets,120979600000.0,Current Liabilities,28513300000.0,Cash Cash Equivalents And Short Term Investments,66078100000.0,Current Debt And Capital Lease Obligation,207163600000.0,Total Debt,278539200000.0,Net PPE,3951600000.0,Minority Interest,,,1.0,,
LODHA.NS,1134218313728.0,Real Estate,Real Estate - Development,Lodha Developers Limited,INR,INR,2026-03-31,2026-03-31,162912000000.0,Total Revenue,47076000000.0,Operating Income,50757000000.0,EBIT,34282000000.0,Net Income,544202000000.0,Current Assets,311067000000.0,Current Liabilities,35107000000.0,Cash Cash Equivalents And Short Term Investments,61699000000.0,Current Debt And Capital Lease Obligation,98960000000.0,Total Debt,9696000000.0,Net PPE,1430000000.0,Minority Interest,,,1.0,,
LUPIN.NS,945629888512.0,Healthcare,Drug Manufacturers - Specialty & Generic,Lupin Limited,INR,INR,2026-03-31,2026-03-31,274875400000.0,Total Revenue,68184400000.0,Operating Income,72850500000.0,EBIT,53328400000.0,Net Income,240273800000.0,Current Assets,126512400000.0,Current Liabilities,79479800000.0,Cash Cash Equivalents And Short Term Investments,44779200000.0,Current Debt And Capital Lease Obligation,66161800000.0,Total Debt,62550700000.0,Net PPE,651000000.0,Minority Interest,,,1.0,,
MMTC.NS,85679996928.0,Industrials,Conglomerates,MMTC Limited,INR,INR,2026-03-31,2026-03-31,34100000.0,Total Revenue,-1103500000.0,Operating Income,6393900000.0,EBIT,3873800000.0,Net Income,21958500000.0,Current Assets,6463400000.0,Current Liabilities,17568200000.0,Cash Cash Equivalents And Short Term Investments,200000.0,Current Debt And Capital Lease Obligation,24200000.0,Total Debt,162100000.0,Net PPE,0.0,Minority Interest,,,1.0,,
MRF.NS,524417335296.0,Consumer Cyclical,Auto Parts,MRF Limited,INR,INR,2026-03-31,2026-03-31,309316700000.0,Total Revenue,32218500000.0,Operating Income,35813100000.0,EBIT,24260900000.0,Net Income,148165000000.0,Current Assets,90062700000.0,Current Liabilities,52284600000.0,Cash Cash Equivalents And Short Term Investments,23113800000.0,Current Debt And Capital Lease Obligation,32066600000.0,Total Debt,142139100000.0,Net PPE,1900000.0,Minority Interest,,,1.0,,
MGL.NS,104092024832.0,Utilities,Utilities - Regulated Gas,Mahanagar Gas Limited,INR,INR,2026-03-31,2026-03-31,82065600000.0,Total Revenue,10488300000.0,Operating Income,11555500000.0,EBIT,8411400000.0,Net Income,18365100000.0,Current Assets,19585400000.0,Current Liabilities,11605100000.0,Cash Cash Equivalents And Short Term Investments,815000000.0,Current Debt And Capital Lease Obligation,2228700000.0,Total Debt,63700700000.0,Net PPE,139800000.0,Minority Interest,,,1.0,,
M&MFIN.NS,460660408320.0,Financial Services,Credit Services,Mahindra & Mahindra Financial Services Limited,INR,INR,2026-03-31,2026-03-31,107556600000.0,Total Revenue,,,,,28545300000.0,Net Income,,,,,56262800000.0,Cash And Cash Equivalents,,,1147281200000.0,Total Debt,11410000000.0,Net PPE,533300000.0,Minority Interest,,,1.0,,
M&M.NS,3592320450560.0,Consumer Cyclical,Auto Manufacturers,Mahindra & Mahindra Limited,INR,INR,2026-03-31,2026-03-31,1930979500000.0,Total Revenue,300286000000.0,Operating Income,345386200000.0,EBIT,170988500000.0,Net Income,1471396200000.0,Current Assets,1160985600000.0,Current Liabilities,513403700000.0,Cash Cash Equivalents And Short Term Investments,568413900000.0,Current Debt And Capital Lease Obligation,1339631500000.0,Total Debt,331289600000.0,Net PPE,163946500000.0,Minority Interest,,,1.0,,
MANAPPURAM.NS,296595390464.0,Financial Services,Credit Services,Manappuram Finance Limited,INR,INR,2026-03-31,2026-03-31,55138160000.0,Total Revenue,,,,,10033210000.0,Net Income,,,,,60802380000.0,Cash And Cash Equivalents,,,578392290000.0,Total Debt,9965720000.0,Net PPE,64790000.0,Minority Interest,,,1.0,,
MRPL.NS,297889202176.0,Energy,Oil & Gas Refining & Marketing,Mangalore Refinery and Petrochemicals Limited,INR,INR,2026-03-31,2026-03-31,886273720000.0,Total Revenue,59742640000.0,Operating Income,48457030000.0,EBIT,19245820000.0,Net Income,217434300000.0,Current Assets,190160240000.0,Current Liabilities,6973040000.0,Cash Cash Equivalents And Short Term Investments,59257520000.0,Current Debt And Capital Lease Obligation,153410260000.0,Total Debt,215984380000.0,Net PPE,,,,,1.0,,
MANKIND.NS,1015677845504.0,Healthcare,Drug Manufacturers - Specialty & Generic,Mankind Pharma Limited,INR,INR,2026-03-31,2026-03-31,142776400000.0,Total Revenue,28350700000.0,Operating Income,29660800000.0,EBIT,19129300000.0,Net Income,69542000000.0,Current Assets,65072500000.0,Current Liabilities,21958500000.0,Cash Cash Equivalents And Short Term Investments,34188800000.0,Current Debt And Capital Lease Obligation,63115400000.0,Total Debt,37139400000.0,Net PPE,2607100000.0,Minority Interest,,,1.0,,
MARICO.NS,1053385949184.0,Consumer Defensive,Household & Personal Products,Marico Limited,INR,INR,2026-03-31,2026-03-31,135480000000.0,Total Revenue,21260000000.0,Operating Income,23150000000.0,EBIT,17620000000.0,Net Income,58600000000.0,Current Assets,41010000000.0,Current Liabilities,24400000000.0,Cash Cash Equivalents And Short Term Investments,4300000000.0,Current Debt And Capital Lease Obligation,5570000000.0,Total Debt,12390000000.0,Net PPE,2840000000.0,Minority Interest,,,1.0,,
MARUTI.NS,3768743362560.0,Consumer Cyclical,Auto Manufacturers,Maruti Suzuki India Limited,INR,INR,2026-03-31,2026-03-31,1770941000000.0,Total Revenue,147884000000.0,Operating Income,193572000000.0,EBIT,146795000000.0,Net Income,389574000000.0,Current Assets,364802000000.0,Current Liabilities,173249000000.0,Cash Cash Equivalents And Short Term Investments,397000000.0,Current Debt And Capital Lease Obligation,1025000000.0,Total Debt,447627000000.0,Net PPE,,,,,1.0,,
MFSL.NS,494933803008.0,Financial Services,Insurance - Life,Max Financial Services Limited,INR,INR,2026-03-31,2026-03-31,475905134000.0,Total Revenue,,,1566792000.0,EBIT,839895000.0,Net Income,,,,,49093799000.0,Cash Cash Equivalents And Short Term Investments,,,23487702000.0,Total Debt,5848474000.0,Net PPE,11382047000.0,Minority Interest,,,1.0,,
MAXHEALTH.NS,977398202368.0,Healthcare,Medical Care Facilities,Max Healthcare Institute Limited,INR,INR,2026-03-31,2026-03-31,82254300000.0,Total Revenue,18773400000.0,Operating Income,18906200000.0,EBIT,14424100000.0,Net Income,19447900000.0,Current Assets,21869400000.0,Current Liabilities,6684300000.0,Cash Cash Equivalents And Short Term Investments,5003800000.0,Current Debt And Capital Lease Obligation,34783600000.0,Total Debt,76736600000.0,Net PPE,,,,,1.0,,
MAZDOCK.NS,874326130688.0,Industrials,Aerospace & Defense,Mazagon Dock Shipbuilders Limited,INR,INR,2026-03-31,2026-03-31,129730700000.0,Total Revenue,27107600000.0,Operating Income,33085800000.0,EBIT,25832700000.0,Net Income,222550400000.0,Current Assets,158555300000.0,Current Liabilities,132735100000.0,Cash Cash Equivalents And Short Term Investments,3695900000.0,Current Debt And Capital Lease Obligation,4473700000.0,Total Debt,22938100000.0,Net PPE,2291300000.0,Minority Interest,,,1.0,,
MEESHO.NS,1001114697728.0,Consumer Cyclical,Internet Retail,Meesho Limited,INR,INR,2026-03-31,2026-03-31,126263480000.0,Total Revenue,-14446760000.0,Operating Income,-12003100000.0,EBIT,-13577380000.0,Net Income,53716300000.0,Current Assets,34577310000.0,Current Liabilities,21700720000.0,Cash Cash Equivalents And Short Term Investments,278730000.0,Current Debt And Capital Lease Obligation,626290000.0,Total Debt,1257450000.0,Net PPE,,,0.0,Preferred Stock,1.0,,
MINDACORP.NS,159186354176.0,Consumer Cyclical,Auto Parts,Minda Corporation Limited,INR,INR,2026-03-31,2026-03-31,60661000000.0,Total Revenue,4932000000.0,Operating Income,4992000000.0,EBIT,3603000000.0,Net Income,20176000000.0,Current Assets,21451000000.0,Current Liabilities,1383000000.0,Cash Cash Equivalents And Short Term Investments,8515000000.0,Current Debt And Capital Lease Obligation,14715000000.0,Total Debt,16764000000.0,Net PPE,150000000.0,Minority Interest,47000000.0,Preferred Stock Equity,1.0,,
MSUMI.NS,232307113984.0,Consumer Cyclical,Auto Parts,Motherson Sumi Wiring India Limited,INR,INR,2026-03-31,2026-03-31,114287000000.0,Total Revenue,8400000000.0,Operating Income,8474000000.0,EBIT,6252000000.0,Net Income,38082000000.0,Current Assets,23547000000.0,Current Liabilities,794000000.0,Cash Cash Equivalents And Short Term Investments,1179000000.0,Current Debt And Capital Lease Obligation,2332000000.0,Total Debt,7841000000.0,Net PPE,,,,,1.0,,
MOTILALOFS.NS,613408702464.0,Financial Services,Capital Markets,Motilal Oswal Financial Services Limited,INR,INR,2026-03-31,2026-03-31,82087200000.0,Total Revenue,25942000000.0,Operating Income,37591700000.0,EBIT,18693100000.0,Net Income,269757600000.0,Current Assets,226479000000.0,Current Liabilities,144532400000.0,Cash Cash Equivalents And Short Term Investments,143829400000.0,Current Debt And Capital Lease Obligation,212551200000.0,Total Debt,6943200000.0,Net PPE,640500000.0,Minority Interest,,,1.0,,
MPHASIS.NS,426170810368.0,Technology,Information Technology Services,Mphasis Limited,INR,INR,2026-03-31,2026-03-31,158796470000.0,Total Revenue,24281140000.0,Operating Income,27133230000.0,EBIT,18626020000.0,Net Income,82670790000.0,Current Assets,60095500000.0,Current Liabilities,31722790000.0,Cash Cash Equivalents And Short Term Investments,20096890000.0,Current Debt And Capital Lease Obligation,26196760000.0,Total Debt,9723870000.0,Net PPE,,,,,1.0,,
MCX.NS,,Financial Services,Financial Data & Stock Exchanges,Multi Commodity Exchange of India Limited,INR,INR,2026-03-31,2026-03-31,21177100000.0,Total Revenue,15765000000.0,Operating Income,16906900000.0,EBIT,13315500000.0,Net Income,41518400000.0,Current Assets,31697400000.0,Current Liabilities,32362600000.0,Cash Cash Equivalents And Short Term Investments,9300000.0,Current Debt And Capital Lease Obligation,47600000.0,Total Debt,2651300000.0,Net PPE,,,,,1.0,,
MUTHOOTFIN.NS,1116644442112.0,Financial Services,Credit Services,Muthoot Finance Limited,INR,INR,2026-03-31,2026-03-31,202649320000.0,Total Revenue,,,,,105903370000.0,Net Income,,,,,130206860000.0,Cash And Cash Equivalents,,,1510358220000.0,Total Debt,6924480000.0,Net PPE,6441360000.0,Minority Interest,,,1.0,,
NATCOPHARM.NS,150946807808.0,Healthcare,Drug Manufacturers - Specialty & Generic,NATCO Pharma Limited,INR,INR,2026-03-31,2026-03-31,40445000000.0,Total Revenue,12562000000.0,Operating Income,15166000000.0,EBIT,14185000000.0,Net Income,50523000000.0,Current Assets,16809000000.0,Current Liabilities,27881000000.0,Cash Cash Equivalents And Short Term Investments,6097000000.0,Current Debt And Capital Lease Obligation,7139000000.0,Total Debt,29088000000.0,Net PPE,0.0,Minority Interest,,,1.0,,
NBCC.NS,219159003136.0,Industrials,Engineering & Construction,NBCC (India) Limited,INR,INR,2026-03-31,2026-03-31,126080839000.0,Total Revenue,7362346000.0,Operating Income,11450615000.0,EBIT,7200313000.0,Net Income,152264670000.0,Current Assets,129389285000.0,Current Liabilities,62439353000.0,Cash Cash Equivalents And Short Term Investments,1589000.0,Current Debt And Capital Lease Obligation,2579000.0,Total Debt,6332398000.0,Net PPE,1982281000.0,Minority Interest,,,1.0,,
NCC.NS,82191400960.0,Industrials,Engineering & Construction,NCC Limited,INR,INR,2026-03-31,2026-03-31,207669700000.0,Total Revenue,16009600000.0,Operating Income,14752100000.0,EBIT,6753200000.0,Net Income,222434300000.0,Current Assets,163328800000.0,Current Liabilities,21526300000.0,Cash Cash Equivalents And Short Term Investments,19144800000.0,Current Debt And Capital Lease Obligation,34070000000.0,Total Debt,21114600000.0,Net PPE,1601700000.0,Minority Interest,,,1.0,,
NHPC.NS,753076273152.0,Utilities,Utilities - Renewable,NHPC Limited,INR,INR,2026-03-31,2026-03-31,111231500000.0,Total Revenue,36577900000.0,Operating Income,61276900000.0,EBIT,37657400000.0,Net Income,146705200000.0,Current Assets,141060100000.0,Current Liabilities,35275500000.0,Cash Cash Equivalents And Short Term Investments,62396100000.0,Current Debt And Capital Lease Obligation,546061700000.0,Total Debt,861861400000.0,Net PPE,69676700000.0,Minority Interest,,,1.0,,
NLCINDIA.NS,357890949120.0,Utilities,Utilities - Regulated Electric,NLC India Limited,INR,INR,2026-03-31,2026-03-31,174889300000.0,Total Revenue,35727500000.0,Operating Income,50816300000.0,EBIT,35222000000.0,Net Income,84811100000.0,Current Assets,105625600000.0,Current Liabilities,7133600000.0,Cash Cash Equivalents And Short Term Investments,47739900000.0,Current Debt And Capital Lease Obligation,278917800000.0,Total Debt,543535100000.0,Net PPE,37492500000.0,Minority Interest,,,1.0,,
NMDC.NS,690773098496.0,Basic Materials,Steel,NMDC Limited,INR,INR,2026-03-31,2026-03-31,320691000000.0,Total Revenue,87850500000.0,Operating Income,102706800000.0,EBIT,74504200000.0,Net Income,294114400000.0,Current Assets,121060900000.0,Current Liabilities,110981600000.0,Cash Cash Equivalents And Short Term Investments,63803400000.0,Current Debt And Capital Lease Obligation,64068100000.0,Total Debt,136943800000.0,Net PPE,135900000.0,Minority Interest,,,1.0,,
NSLNISP.NS,124785205248.0,Basic Materials,Steel,NMDC Steel Limited,INR,INR,2026-03-31,2026-03-31,136418100000.0,Total Revenue,5592000000.0,Operating Income,5624200000.0,EBIT,587200000.0,Net Income,64590000000.0,Current Assets,121952600000.0,Current Liabilities,1051300000.0,Cash Cash Equivalents And Short Term Investments,17604400000.0,Current Debt And Capital Lease Obligation,46131800000.0,Total Debt,200444500000.0,Net PPE,,,,,1.0,,
NTPCGREEN.NS,771261923328.0,Utilities,Utilities - Renewable,NTPC Green Energy Limited,INR,INR,2026-03-31,2026-03-31,27708900000.0,Total Revenue,13834500000.0,Operating Income,15690900000.0,EBIT,5226000000.0,Net Income,14671000000.0,Current Assets,62073300000.0,Current Liabilities,6175000000.0,Cash Cash Equivalents And Short Term Investments,7452400000.0,Current Debt And Capital Lease Obligation,317161400000.0,Total Debt,552365600000.0,Net PPE,2240400000.0,Minority Interest,,,1.0,,
NTPC.NS,3131053703168.0,Utilities,Utilities - Regulated Electric,NTPC Limited,INR,INR,2026-03-31,2026-03-31,1840152700000.0,Total Revenue,384074900000.0,Operating Income,395043500000.0,EBIT,270525200000.0,Net Income,945053500000.0,Current Assets,1171225400000.0,Current Liabilities,64496800000.0,Cash Cash Equivalents And Short Term Investments,598505500000.0,Current Debt And Capital Lease Obligation,2710045800000.0,Total Debt,4165336800000.0,Net PPE,79773900000.0,Minority Interest,,,1.0,,
NH.NS,371388350464.0,Healthcare,Medical Care Facilities,Narayana Hrudayalaya Limited,INR,INR,2026-03-31,2026-03-31,78582530000.0,Total Revenue,12146670000.0,Operating Income,12125560000.0,EBIT,8055990000.0,Net Income,39321360000.0,Current Assets,18272520000.0,Current Liabilities,25333810000.0,Cash Cash Equivalents And Short Term Investments,3406930000.0,Current Debt And Capital Lease Obligation,58574950000.0,Total Debt,57174960000.0,Net PPE,22640000.0,Minority Interest,,,1.0,,
NATIONALUM.NS,638321360896.0,Basic Materials,Aluminum,National Aluminium Company Limited,INR,INR,2026-03-31,2026-03-31,177292300000.0,Total Revenue,72122100000.0,Operating Income,77714700000.0,EBIT,57970100000.0,Net Income,116203100000.0,Current Assets,32242300000.0,Current Liabilities,84821700000.0,Cash Cash Equivalents And Short Term Investments,74300000.0,Current Debt And Capital Lease Obligation,2021100000.0,Total Debt,141897000000.0,Net PPE,,,,,1.0,,
NAVA.NS,156388556800.0,Industrials,Conglomerates,Nava Limited,INR,INR,2026-03-31,2026-03-31,42690182000.0,Total Revenue,13402020000.0,Operating Income,15103689000.0,EBIT,7866694000.0,Net Income,57301186000.0,Current Assets,7549425000.0,Current Liabilities,34930256000.0,Cash Cash Equivalents And Short Term Investments,476792000.0,Current Debt And Capital Lease Obligation,22264099000.0,Total Debt,79339926000.0,Net PPE,20187718000.0,Minority Interest,,,1.0,,
NAVINFLUOR.NS,433322655744.0,Basic Materials,Chemicals,Navin Fluorine International Limited,INR,INR,2026-03-31,2026-03-31,32622300000.0,Total Revenue,9343600000.0,Operating Income,9910200000.0,EBIT,6635500000.0,Net Income,27853800000.0,Current Assets,10680500000.0,Current Liabilities,13030500000.0,Cash Cash Equivalents And Short Term Investments,2997300000.0,Current Debt And Capital Lease Obligation,12721000000.0,Total Debt,33402700000.0,Net PPE,,,,,1.0,,
NESTLEIND.NS,2614408773632.0,Consumer Defensive,Packaged Foods,Nestlé India Limited,INR,INR,2026-03-31,2026-03-31,,,46601500000.0,Operating Income,46879600000.0,EBIT,,,,,,,14350700000.0,Cash Cash Equivalents And Short Term Investments,,,,,68384000000.0,Net PPE,,,,,1.0,,
NETWEB.NS,268911001600.0,Technology,Computer Hardware,Netweb Technologies India Limited,INR,INR,2026-03-31,2026-03-31,21835630000.0,Total Revenue,2891040000.0,Operating Income,2858550000.0,EBIT,2058160000.0,Net Income,21899020000.0,Current Assets,15177420000.0,Current Liabilities,5893450000.0,Cash Cash Equivalents And Short Term Investments,2741650000.0,Current Debt And Capital Lease Obligation,2822230000.0,Total Debt,572200000.0,Net PPE,,,,,1.0,,
NEULANDLAB.NS,276804861952.0,Healthcare,Drug Manufacturers - Specialty & Generic,Neuland Laboratories Limited,INR,INR,2026-03-31,2026-03-31,19321190000.0,Total Revenue,4900236000.0,Operating Income,5076738000.0,EBIT,3639984000.0,Net Income,14831288000.0,Current Assets,7101980000.0,Current Liabilities,3266704000.0,Cash Cash Equivalents And Short Term Investments,406301000.0,Current Debt And Capital Lease Obligation,3012722000.0,Total Debt,11429977000.0,Net PPE,,,,,1.0,,
NEWGEN.NS,67898302464.0,Technology,Software - Infrastructure,Newgen Software Technologies Limited,INR,INR,2026-03-31,2026-03-31,15743956000.0,Total Revenue,3784121000.0,Operating Income,3917564000.0,EBIT,3005764000.0,Net Income,20142027000.0,Current Assets,5499285000.0,Current Liabilities,11144639000.0,Cash Cash Equivalents And Short Term Investments,129805000.0,Current Debt And Capital Lease Obligation,393561000.0,Total Debt,2326947000.0,Net PPE,,,,,1.0,,
NAM-INDIA.NS,712814755840.0,Financial Services,Asset Management,Nippon Life India Asset Management Limited,INR,INR,2026-03-31,2026-03-31,27087400000.0,Total Revenue,17529200000.0,Operating Income,19789600000.0,EBIT,15293800000.0,Net Income,32828300000.0,Current Assets,2477400000.0,Current Liabilities,30996400000.0,Cash Cash Equivalents And Short Term Investments,121700000.0,Current Debt And Capital Lease Obligation,753400000.0,Total Debt,6764200000.0,Net PPE,,,,,1.0,,
NIVABUPA.NS,138908319744.0,Financial Services,Insurance - Life,Niva Bupa Health Insurance Company Limited,INR,INR,2026-03-31,2026-03-31,71056000000.0,Total Revenue,,,1825300000.0,EBIT,1307800000.0,Net Income,,,,,13929000000.0,Cash Cash Equivalents And Short Term Investments,0.0,Current Debt And Capital Lease Obligation,2500000000.0,Total Debt,397500000.0,Net PPE,,,,,1.0,,
NUVAMA.NS,304469344256.0,Financial Services,Asset Management,Nuvama Wealth Management Limited,INR,INR,2026-03-31,2026-03-31,22835200000.0,Total Revenue,-43000000.0,Operating Income,23005600000.0,EBIT,10410400000.0,Net Income,335976100000.0,Current Assets,256483000000.0,Current Liabilities,242865200000.0,Cash Cash Equivalents And Short Term Investments,70280500000.0,Current Debt And Capital Lease Obligation,115435200000.0,Total Debt,2108100000.0,Net PPE,22100000.0,Minority Interest,,,1.0,,
NUVOCO.NS,117950824448.0,Basic Materials,Building Materials,Nuvoco Vistas Corporation Limited,INR,INR,2026-03-31,2026-03-31,111420400000.0,Total Revenue,9757000000.0,Operating Income,9352800000.0,EBIT,3593500000.0,Net Income,23723400000.0,Current Assets,53097300000.0,Current Liabilities,3344700000.0,Cash Cash Equivalents And Short Term Investments,16626400000.0,Current Debt And Capital Lease Obligation,49161000000.0,Total Debt,118997500000.0,Net PPE,8864500000.0,Minority Interest,,,1.0,,
OBEROIRLTY.NS,671973310464.0,Real Estate,Real Estate - Development,Oberoi Realty Limited,INR,INR,2026-03-31,2026-03-31,60090613000.0,Total Revenue,32288152000.0,Operating Income,35097265000.0,EBIT,25074273000.0,Net Income,172496998000.0,Current Assets,43226193000.0,Current Liabilities,27271537000.0,Cash Cash Equivalents And Short Term Investments,4541458000.0,Current Debt And Capital Lease Obligation,28253942000.0,Total Debt,23445684000.0,Net PPE,,,,,1.0,,
ONGC.NS,2908812214272.0,Energy,Oil & Gas Integrated,Oil and Natural Gas Corporation Limited,INR,INR,2026-03-31,2026-03-31,6052764580000.0,Total Revenue,818276220000.0,Operating Income,783458970000.0,EBIT,414243820000.0,Net Income,1419393850000.0,Current Assets,1688712300000.0,Current Liabilities,363920980000.0,Cash Cash Equivalents And Short Term Investments,578948990000.0,Current Debt And Capital Lease Obligation,1742991330000.0,Total Debt,4485012300000.0,Net PPE,379254750000.0,Minority Interest,,,1.0,,
OIL.NS,756291272704.0,Energy,Oil & Gas Integrated,Oil India Limited,INR,INR,2026-03-31,2026-03-31,339434100000.0,Total Revenue,119326200000.0,Operating Income,106134200000.0,EBIT,66199400000.0,Net Income,189033900000.0,Current Assets,173512500000.0,Current Liabilities,59727600000.0,Cash Cash Equivalents And Short Term Investments,15265100000.0,Current Debt And Capital Lease Obligation,374779800000.0,Total Debt,652990500000.0,Net PPE,58038300000.0,Minority Interest,,,1.0,,
OLAELEC.NS,168881979392.0,Consumer Cyclical,Auto Manufacturers,Ola Electric Mobility Limited,INR,INR,2026-03-31,2026-03-31,20610000000.0,Total Revenue,-16350000000.0,Operating Income,-14690000000.0,EBIT,-18330000000.0,Net Income,32510000000.0,Current Assets,28490000000.0,Current Liabilities,8420000000.0,Cash Cash Equivalents And Short Term Investments,14020000000.0,Current Debt And Capital Lease Obligation,27630000000.0,Total Debt,30110000000.0,Net PPE,,,,,1.0,,
OLECTRA.NS,96609026048.0,Industrials,Farm & Heavy Construction Machinery,Olectra Greentech Limited,INR,INR,2026-03-31,2026-03-31,23076801000.0,Total Revenue,2854384000.0,Operating Income,2838683000.0,EBIT,1774942000.0,Net Income,17341228000.0,Current Assets,11008345000.0,Current Liabilities,96319000.0,Cash Cash Equivalents And Short Term Investments,2098788000.0,Current Debt And Capital Lease Obligation,3802938000.0,Total Debt,6668928000.0,Net PPE,54869000.0,Minority Interest,,,1.0,,
PAYTM.NS,1051761573888.0,Technology,Software - Infrastructure,One97 Communications Limited,INR,INR,2026-03-31,2026-03-31,81920000000.0,Total Revenue,2900000000.0,Operating Income,6000000000.0,EBIT,5530000000.0,Net Income,193410000000.0,Current Assets,75960000000.0,Current Liabilities,101320000000.0,Cash Cash Equivalents And Short Term Investments,350000000.0,Current Debt And Capital Lease Obligation,1720000000.0,Total Debt,8900000000.0,Net PPE,20000000.0,Minority Interest,,,1.0,,
ONESOURCE.NS,182033186816.0,Healthcare,Biotechnology,OneSource Specialty Pharma Limited,INR,INR,2026-03-31,2026-03-31,14215900000.0,Total Revenue,-54670000.0,Operating Income,194780000.0,EBIT,-738030000.0,Net Income,14259400000.0,Current Assets,14419690000.0,Current Liabilities,475160000.0,Cash Cash Equivalents And Short Term Investments,7214430000.0,Current Debt And Capital Lease Obligation,15039390000.0,Total Debt,14496250000.0,Net PPE,,,,,1.0,,
OFSS.NS,943053537280.0,Technology,Software - Infrastructure,Oracle Financial Services Software Limited,INR,INR,2026-03-31,2026-03-31,76721000000.0,Total Revenue,34340000000.0,Operating Income,36828000000.0,EBIT,26393000000.0,Net Income,77042000000.0,Current Assets,14175000000.0,Current Liabilities,54336000000.0,Cash Cash Equivalents And Short Term Investments,129000000.0,Current Debt And Capital Lease Obligation,325000000.0,Total Debt,1790000000.0,Net PPE,,,,,1.0,,
POLICYBZR.NS,541627252736.0,Financial Services,Insurance Brokers,PB Fintech Limited,INR,INR,2026-03-31,2026-03-31,67940200000.0,Total Revenue,4173300000.0,Operating Income,7444600000.0,EBIT,6699400000.0,Net Income,43760200000.0,Current Assets,9919700000.0,Current Liabilities,25288900000.0,Cash Cash Equivalents And Short Term Investments,553600000.0,Current Debt And Capital Lease Obligation,3601500000.0,Total Debt,4369600000.0,Net PPE,57300000.0,Minority Interest,,,1.0,,
PCBL.NS,131416506368.0,Basic Materials,Specialty Chemicals,PCBL Chemical Limited,INR,INR,2026-03-31,2026-03-31,81263500000.0,Total Revenue,6004800000.0,Operating Income,6722400000.0,EBIT,1978700000.0,Net Income,29678000000.0,Current Assets,35870500000.0,Current Liabilities,2847500000.0,Cash Cash Equivalents And Short Term Investments,16656300000.0,Current Debt And Capital Lease Obligation,49890600000.0,Total Debt,50161500000.0,Net PPE,128500000.0,Minority Interest,,,1.0,,
PGEL.NS,147216318464.0,Technology,Electronic Components,PG Electroplast Limited,INR,INR,2026-03-31,2026-03-31,51052820000.0,Total Revenue,3384936000.0,Operating Income,2929480000.0,EBIT,1965669000.0,Net Income,37939385000.0,Current Assets,25944792000.0,Current Liabilities,4541128000.0,Cash Cash Equivalents And Short Term Investments,3854208000.0,Current Debt And Capital Lease Obligation,5965281000.0,Total Debt,20767482000.0,Net PPE,,,,,1.0,,
PIIND.NS,357874794496.0,Basic Materials,Agricultural Inputs,PI Industries Limited,INR,INR,2026-03-31,2026-03-31,66699000000.0,Total Revenue,13618000000.0,Operating Income,17125000000.0,EBIT,13208000000.0,Net Income,74947000000.0,Current Assets,17767000000.0,Current Liabilities,35027000000.0,Cash Cash Equivalents And Short Term Investments,1211000000.0,Current Debt And Capital Lease Obligation,3423000000.0,Total Debt,44553000000.0,Net PPE,,,,,1.0,,
PNBHOUSING.NS,285632430080.0,Financial Services,Mortgage Finance,PNB Housing Finance Limited,INR,INR,2026-03-31,2026-03-31,36174400000.0,Total Revenue,,,,,22912400000.0,Net Income,,,,,33453400000.0,Cash And Cash Equivalents,,,533136500000.0,Total Debt,2427000000.0,Net PPE,,,,,1.0,,
PTCIL.NS,325263360000.0,Industrials,Metal Fabrication,PTC Industries Limited,INR,INR,2026-03-31,2026-03-31,5986437000.0,Total Revenue,989951000.0,Operating Income,1333794000.0,EBIT,1015587000.0,Net Income,8970953000.0,Current Assets,2611370000.0,Current Liabilities,2036876000.0,Cash Cash Equivalents And Short Term Investments,1101164000.0,Current Debt And Capital Lease Obligation,2613420000.0,Total Debt,9410593000.0,Net PPE,,,,,1.0,,
PVRINOX.NS,120687747072.0,Communication Services,Entertainment,PVR INOX Limited,INR,INR,2026-03-31,2026-03-31,66038000000.0,Total Revenue,8268000000.0,Operating Income,9357000000.0,EBIT,3341000000.0,Net Income,11122000000.0,Current Assets,23520000000.0,Current Liabilities,5915000000.0,Cash Cash Equivalents And Short Term Investments,10565000000.0,Current Debt And Capital Lease Obligation,67791000000.0,Total Debt,75489000000.0,Net PPE,0.0,Minority Interest,,,1.0,,
PAGEIND.NS,419162587136.0,Consumer Cyclical,Apparel Manufacturing,Page Industries Limited,INR,INR,2026-03-31,2026-03-31,52272560000.0,Total Revenue,10639290000.0,Operating Income,10749230000.0,EBIT,7638230000.0,Net Income,19106540000.0,Current Assets,11078240000.0,Current Liabilities,4262510000.0,Cash Cash Equivalents And Short Term Investments,391380000.0,Current Debt And Capital Lease Obligation,2768120000.0,Total Debt,8807050000.0,Net PPE,,,,,1.0,,
PARADEEP.NS,162653044736.0,Basic Materials,Agricultural Inputs,Paradeep Phosphates Limited,INR,INR,2026-03-31,2026-03-31,101911729000.0,Total Revenue,18597150000.0,Operating Income,16652892000.0,EBIT,9963559000.0,Net Income,113637895000.0,Current Assets,99055810000.0,Current Liabilities,3811433000.0,Cash Cash Equivalents And Short Term Investments,60599154000.0,Current Debt And Capital Lease Obligation,69062776000.0,Total Debt,62466033000.0,Net PPE,,,,,1.0,,
PATANJALI.NS,432867311616.0,Consumer Defensive,Packaged Foods,Patanjali Foods Limited,INR,INR,2026-03-31,2026-03-31,401423220000.0,Total Revenue,15258320000.0,Operating Income,14715318000.0,EBIT,18144747000.0,Net Income,121054247000.0,Current Assets,56494257000.0,Current Liabilities,7079378000.0,Cash Cash Equivalents And Short Term Investments,27848794000.0,Current Debt And Capital Lease Obligation,27888264000.0,Total Debt,46613972000.0,Net PPE,,,,,1.0,,
PERSISTENT.NS,830836703232.0,Technology,Information Technology Services,Persistent Systems Limited,INR,INR,2026-03-31,2026-03-31,147484490000.0,Total Revenue,24139770000.0,Operating Income,24838940000.0,EBIT,18651200000.0,Net Income,70972830000.0,Current Assets,29242560000.0,Current Liabilities,20254400000.0,Cash Cash Equivalents And Short Term Investments,1777780000.0,Current Debt And Capital Lease Obligation,4774480000.0,Total Debt,9575610000.0,Net PPE,,,,,1.0,,
PETRONET.NS,435150061568.0,Energy,Oil & Gas Refining & Marketing,Petronet LNG Limited,INR,INR,2026-03-31,2026-03-31,433465500000.0,Total Revenue,48202600000.0,Operating Income,53520300000.0,EBIT,39125300000.0,Net Income,125906400000.0,Current Assets,22204600000.0,Current Liabilities,99127400000.0,Cash Cash Equivalents And Short Term Investments,4788600000.0,Current Debt And Capital Lease Obligation,23414600000.0,Total Debt,124401600000.0,Net PPE,,,,,1.0,,
PFIZER.NS,181481259008.0,Healthcare,Drug Manufacturers - General,Pfizer Limited,INR,INR,2026-03-31,2026-03-31,25192700000.0,Total Revenue,8470900000.0,Operating Income,9851500000.0,EBIT,7224300000.0,Net Income,38032200000.0,Current Assets,6274800000.0,Current Liabilities,30883900000.0,Cash Cash Equivalents And Short Term Investments,341500000.0,Current Debt And Capital Lease Obligation,702300000.0,Total Debt,1569900000.0,Net PPE,,,,,1.0,,
PHOENIXLTD.NS,698151403520.0,Real Estate,Real Estate - Diversified,The Phoenix Mills Limited,INR,INR,2026-03-31,2026-03-31,43154648000.0,Total Revenue,22878200000.0,Operating Income,24185579000.0,EBIT,12238164000.0,Net Income,31234472000.0,Current Assets,24287147000.0,Current Liabilities,17719458000.0,Cash Cash Equivalents And Short Term Investments,5996796000.0,Current Debt And Capital Lease Obligation,53230125000.0,Total Debt,62502795000.0,Net PPE,33163194000.0,Minority Interest,,,1.0,,
PWL.NS,374419193856.0,Consumer Defensive,Education & Training Services,Physicswallah Limited,INR,INR,2026-03-31,2026-03-31,38769700000.0,Total Revenue,-553600000.0,Operating Income,957200000.0,EBIT,-224900000.0,Net Income,54195800000.0,Current Assets,18662800000.0,Current Liabilities,50448490000.0,Cash Cash Equivalents And Short Term Investments,2148200000.0,Current Debt And Capital Lease Obligation,10521100000.0,Total Debt,13822800000.0,Net PPE,503700000.0,Minority Interest,0.0,Preferred Stock,1.0,,
PIDILITIND.NS,1531884339200.0,Basic Materials,Specialty Chemicals,Pidilite Industries Limited,INR,INR,2026-03-31,2026-03-31,145512600000.0,Total Revenue,31479900000.0,Operating Income,33743900000.0,EBIT,24489200000.0,Net Income,85318800000.0,Current Assets,35853700000.0,Current Liabilities,42159800000.0,Cash Cash Equivalents And Short Term Investments,1977600000.0,Current Debt And Capital Lease Obligation,4172100000.0,Total Debt,32906700000.0,Net PPE,2164800000.0,Minority Interest,,,1.0,,
PINELABS.NS,199552139264.0,Technology,Software - Infrastructure,Pine Labs Limited,INR,INR,2026-03-31,2026-03-31,23962300000.0,Total Revenue,-12180000000.0,Operating Income,2163600000.0,EBIT,1125100000.0,Net Income,108843300000.0,Current Assets,71841200000.0,Current Liabilities,26561800000.0,Cash Cash Equivalents And Short Term Investments,3103800000.0,Current Debt And Capital Lease Obligation,4406500000.0,Total Debt,4889500000.0,Net PPE,,,0.0,Preferred Stock,1.0,,
PIRAMALFIN.NS,499685294080.0,Financial Services,Credit Services,Piramal Finance Limited,INR,INR,2026-03-31,2026-03-31,103709700000.0,Total Revenue,4050600000.0,Operating Income,14423900000.0,EBIT,15043100000.0,Net Income,330918800000.0,Current Assets,182596600000.0,Current Liabilities,77382200000.0,Cash Cash Equivalents And Short Term Investments,162192100000.0,Current Debt And Capital Lease Obligation,799892100000.0,Total Debt,3758600000.0,Net PPE,428100000.0,Minority Interest,,,1.0,,
PPLPHARMA.NS,275908591616.0,Healthcare,Drug Manufacturers - Specialty & Generic,Piramal Pharma Limited,INR,INR,2026-03-31,2026-03-31,87588200000.0,Total Revenue,1549100000.0,Operating Income,1622900000.0,EBIT,-3259400000.0,Net Income,71916600000.0,Current Assets,47582800000.0,Current Liabilities,13348300000.0,Cash Cash Equivalents And Short Term Investments,12391800000.0,Current Debt And Capital Lease Obligation,56745800000.0,Total Debt,56418600000.0,Net PPE,,,,,1.0,,
POLYMED.NS,168026898432.0,Healthcare,Medical Instruments & Supplies,Poly Medicure Limited,INR,INR,2026-03-31,2026-03-31,18752592000.0,Total Revenue,3267999000.0,Operating Income,4457618000.0,EBIT,3312921000.0,Net Income,19417332000.0,Current Assets,5755224000.0,Current Liabilities,8725271000.0,Cash Cash Equivalents And Short Term Investments,2963271000.0,Current Debt And Capital Lease Obligation,3535759000.0,Total Debt,13536211000.0,Net PPE,430705000.0,Minority Interest,,,1.0,,
POLYCAB.NS,1240780898304.0,Industrials,Electrical Equipment & Parts,Polycab India Limited,INR,INR,2026-03-31,2026-03-31,282695080000.0,Total Revenue,37157340000.0,Operating Income,38083940000.0,EBIT,26720330000.0,Net Income,146605060000.0,Current Assets,79652440000.0,Current Liabilities,40622960000.0,Cash Cash Equivalents And Short Term Investments,43814970000.0,Current Debt And Capital Lease Obligation,45011360000.0,Total Debt,51037340000.0,Net PPE,1181930000.0,Minority Interest,,,1.0,,
POONAWALLA.NS,392618999808.0,Financial Services,Credit Services,Poonawalla Fincorp Limited,INR,INR,2026-03-31,2026-03-31,64906100000.0,Total Revenue,16621200000.0,Operating Income,7557900000.0,EBIT,5418100000.0,Net Income,222046300000.0,Current Assets,189900200000.0,Current Liabilities,29106500000.0,Cash Cash Equivalents And Short Term Investments,175304000000.0,Current Debt And Capital Lease Obligation,484358000000.0,Total Debt,3538700000.0,Net PPE,,,,,1.0,,
PFC.NS,1098768908288.0,Financial Services,Credit Services,Power Finance Corporation Limited,INR,INR,2026-03-31,2026-03-31,431999000000.0,Total Revenue,,,1122650000000.0,EBIT,259009500000.0,Net Income,,,,,27366300000.0,Cash Cash Equivalents And Short Term Investments,,,10125034600000.0,Total Debt,23878500000.0,Net PPE,405800800000.0,Minority Interest,,,1.0,,
POWERGRID.NS,2470240583680.0,Utilities,Utilities - Regulated Electric,Power Grid Corporation of India Limited,INR,INR,2026-03-31,2026-03-31,447654300000.0,Total Revenue,255378300000.0,Operating Income,268420800000.0,EBIT,159279500000.0,Net Income,336151500000.0,Current Assets,540888100000.0,Current Liabilities,49333100000.0,Cash Cash Equivalents And Short Term Investments,269462600000.0,Current Debt And Capital Lease Obligation,1515581000000.0,Total Debt,2228576900000.0,Net PPE,,,,,1.0,,
PREMIERENE.NS,409642598400.0,Technology,Solar,Premier Energies Limited,INR,INR,2026-03-31,2026-03-31,78065320000.0,Total Revenue,19677680000.0,Operating Income,20968110000.0,EBIT,15097680000.0,Net Income,58691180000.0,Current Assets,32013540000.0,Current Liabilities,18703140000.0,Cash Cash Equivalents And Short Term Investments,7101170000.0,Current Debt And Capital Lease Obligation,37071450000.0,Total Debt,42280490000.0,Net PPE,26460000.0,Minority Interest,,,1.0,,
PRESTIGE.NS,630847504384.0,Real Estate,Real Estate - Diversified,Prestige Estates Projects Limited,INR,INR,2026-03-31,2026-03-31,125448000000.0,Total Revenue,28058000000.0,Operating Income,31868000000.0,EBIT,11955000000.0,Net Income,549387000000.0,Current Assets,478407000000.0,Current Liabilities,35740000000.0,Cash Cash Equivalents And Short Term Investments,97295000000.0,Current Debt And Capital Lease Obligation,176594000000.0,Total Debt,54263000000.0,Net PPE,4669000000.0,Minority Interest,,,1.0,,
PFOCUS.NS,249597034496.0,Communication Services,Entertainment,Prime Focus Limited,INR,INR,2026-03-31,2026-03-31,45873200000.0,Total Revenue,7666800000.0,Operating Income,7841400000.0,EBIT,2187400000.0,Net Income,50645200000.0,Current Assets,72416600000.0,Current Liabilities,11366400000.0,Cash Cash Equivalents And Short Term Investments,50123100000.0,Current Debt And Capital Lease Obligation,57167300000.0,Total Debt,14676600000.0,Net PPE,4571400000.0,Minority Interest,,,1.0,,
PNB.NS,1301920612352.0,Financial Services,Banks - Regional,Punjab National Bank,INR,INR,2026-03-31,2026-03-31,626199700000.0,Total Revenue,,,,,183926900000.0,Net Income,,,,,1641219800000.0,Cash And Cash Equivalents,,,862682300000.0,Total Debt,150785300000.0,Net PPE,6895300000.0,Minority Interest,,,1.0,,
RRKABEL.NS,280173641728.0,Industrials,Electrical Equipment & Parts,R R Kabel Limited,INR,INR,2026-03-31,2026-03-31,95870018000.0,Total Revenue,6975083000.0,Operating Income,7258142000.0,EBIT,4922191000.0,Net Income,31094904000.0,Current Assets,18835658000.0,Current Liabilities,1365445000.0,Cash Cash Equivalents And Short Term Investments,2489704000.0,Current Debt And Capital Lease Obligation,3370278000.0,Total Debt,12446794000.0,Net PPE,,,,,1.0,,
RBLBANK.NS,637569859584.0,Financial Services,Banks - Regional,RBL Bank Limited,INR,INR,2026-03-31,2026-03-31,104951962000.0,Total Revenue,,,,,8790435000.0,Net Income,,,,,230658590000.0,Cash And Cash Equivalents,,,177509316000.0,Total Debt,5816001000.0,Net PPE,,,,,1.0,,
RECLTD.NS,,Financial Services,Credit Services,REC Limited,INR,INR,2026-03-31,2026-03-31,218342500000.0,Total Revenue,,,,,163081700000.0,Net Income,,,,,7188300000.0,Cash And Cash Equivalents,,,5147251900000.0,Total Debt,7412000000.0,Net PPE,,,,,1.0,,
RHIM.NS,80267108352.0,Industrials,Metal Fabrication,RHI Magnesita India Limited,INR,INR,2026-03-31,2026-03-31,39745215000.0,Total Revenue,2701116000.0,Operating Income,-2828121000.0,EBIT,-3829378000.0,Net Income,25866640000.0,Current Assets,9393805000.0,Current Liabilities,3885500000.0,Cash Cash Equivalents And Short Term Investments,1182610000.0,Current Debt And Capital Lease Obligation,4484450000.0,Total Debt,9673872000.0,Net PPE,,,,,1.0,,
RITES.NS,94616461312.0,Industrials,Engineering & Construction,RITES Limited,INR,INR,2026-03-31,2026-03-31,24048200000.0,Total Revenue,4989300000.0,Operating Income,6091600000.0,EBIT,4102700000.0,Net Income,44588200000.0,Current Assets,26649300000.0,Current Liabilities,29398400000.0,Cash Cash Equivalents And Short Term Investments,16900000.0,Current Debt And Capital Lease Obligation,65900000.0,Total Debt,6686300000.0,Net PPE,1127900000.0,Minority Interest,,,1.0,,
RADICO.NS,607653789696.0,Consumer Defensive,Beverages - Wineries & Distilleries,Radico Khaitan Limited,INR,INR,2026-03-31,2026-03-31,60036274000.0,Total Revenue,8560949000.0,Operating Income,8688460000.0,EBIT,6044786000.0,Net Income,25934308000.0,Current Assets,13499207000.0,Current Liabilities,820423000.0,Cash Cash Equivalents And Short Term Investments,6562326000.0,Current Debt And Capital Lease Obligation,7988163000.0,Total Debt,20232594000.0,Net PPE,,,,,1.0,,
RVNL.NS,427846139904.0,Industrials,Engineering & Construction,Rail Vikas Nigam Limited,INR,INR,2026-03-31,2026-03-31,204121200000.0,Total Revenue,7312400000.0,Operating Income,16002200000.0,EBIT,8746900000.0,Net Income,135753300000.0,Current Assets,71257600000.0,Current Liabilities,6344100000.0,Cash Cash Equivalents And Short Term Investments,4961200000.0,Current Debt And Capital Lease Obligation,48184900000.0,Total Debt,8863400000.0,Net PPE,-37400000.0,Minority Interest,,,1.0,,
RAILTEL.NS,83219324928.0,Communication Services,Telecom Services,RailTel Corporation of India Limited,INR,INR,2026-03-31,2026-03-31,42686800000.0,Total Revenue,4490900000.0,Operating Income,4788600000.0,EBIT,3463200000.0,Net Income,43189400000.0,Current Assets,32714200000.0,Current Liabilities,7636200000.0,Cash Cash Equivalents And Short Term Investments,88800000.0,Current Debt And Capital Lease Obligation,637200000.0,Total Debt,13661400000.0,Net PPE,,,,,1.0,,
RAINBOW.NS,139676565504.0,Healthcare,Medical Care Facilities,Rainbow Children's Medicare Limited,INR,INR,2026-03-31,2026-03-31,16777090000.0,Total Revenue,3979200000.0,Operating Income,4358460000.0,EBIT,2783230000.0,Net Income,6628540000.0,Current Assets,1865240000.0,Current Liabilities,4874120000.0,Cash Cash Equivalents And Short Term Investments,256140000.0,Current Debt And Capital Lease Obligation,8909840000.0,Total Debt,16733620000.0,Net PPE,155140000.0,Minority Interest,,,1.0,,
RKFORGE.NS,131720986624.0,Industrials,Metal Fabrication,Ramkrishna Forgings Limited,INR,INR,2026-03-31,2026-03-31,38536054000.0,Total Revenue,2862820000.0,Operating Income,2360336000.0,EBIT,717973000.0,Net Income,24477539000.0,Current Assets,21316759000.0,Current Liabilities,1671954000.0,Cash Cash Equivalents And Short Term Investments,7574761000.0,Current Debt And Capital Lease Obligation,24487676000.0,Total Debt,39992572000.0,Net PPE,,,,,1.0,,
REDINGTON.NS,315719581696.0,Technology,Information Technology Services,Redington Limited,INR,INR,2026-03-31,2026-03-31,1191141200000.0,Total Revenue,21967200000.0,Operating Income,20316500000.0,EBIT,14902200000.0,Net Income,325285400000.0,Current Assets,230165900000.0,Current Liabilities,11782300000.0,Cash Cash Equivalents And Short Term Investments,27149400000.0,Current Debt And Capital Lease Obligation,28416200000.0,Total Debt,5669200000.0,Net PPE,2632500000.0,Minority Interest,,,1.0,,
RELIANCE.NS,,Energy,Oil & Gas Refining & Marketing,Reliance Industries Limited,INR,INR,2026-03-31,2026-03-31,10572190000000.0,Total Revenue,1213770000000.0,Operating Income,1472180000000.0,EBIT,807750000000.0,Net Income,5942490000000.0,Current Assets,5412540000000.0,Current Liabilities,2772120000000.0,Cash Cash Equivalents And Short Term Investments,1110510000000.0,Current Debt And Capital Lease Obligation,3980000000000.0,Total Debt,9578930000000.0,Net PPE,1818360000000.0,Minority Interest,,,1.0,,
RPOWER.NS,,Utilities,Utilities - Independent Power Producers,Reliance Power Limited,INR,INR,2026-03-31,2026-03-31,72042300000.0,Total Revenue,12859700000.0,Operating Income,13944000000.0,EBIT,-3368900000.0,Net Income,47109000000.0,Current Assets,101806500000.0,Current Liabilities,5042500000.0,Cash Cash Equivalents And Short Term Investments,48565100000.0,Current Debt And Capital Lease Obligation,148120300000.0,Total Debt,326938500000.0,Net PPE,,,,,1.0,,
SBFC.NS,96245907456.0,Financial Services,Credit Services,SBFC Finance Limited,INR,INR,2026-03-31,2026-03-31,16381890000.0,Total Revenue,7904820000.0,Operating Income,6984260000.0,EBIT,4508330000.0,Net Income,44174200000.0,Current Assets,24345550000.0,Current Liabilities,7373080000.0,Cash Cash Equivalents And Short Term Investments,22560240000.0,Current Debt And Capital Lease Obligation,71617130000.0,Total Debt,496870000.0,Net PPE,,,,,1.0,,
SBICARD.NS,565276377088.0,Financial Services,Credit Services,SBI Cards and Payment Services Limited,INR,INR,2026-03-31,2026-03-31,156269300000.0,Total Revenue,,,,,21667100000.0,Net Income,,,,,21330300000.0,Cash And Cash Equivalents,,,442302700000.0,Total Debt,1579800000.0,Net PPE,,,,,1.0,,
SBILIFE.NS,1748533641216.0,Financial Services,Insurance - Life,SBI Life Insurance Company Limited,INR,INR,2026-03-31,2026-03-31,1104781600000.0,Total Revenue,,,25485900000.0,EBIT,24703000000.0,Net Income,,,,,37401800000.0,Cash Cash Equivalents And Short Term Investments,,,,,6486400000.0,Net PPE,,,,,1.0,,
SJVN.NS,239088730112.0,Utilities,Utilities - Renewable,SJVN Limited,INR,INR,2026-03-31,2026-03-31,42441700000.0,Total Revenue,21680100000.0,Operating Income,21252700000.0,EBIT,6420800000.0,Net Income,64757000000.0,Current Assets,90038200000.0,Current Liabilities,21359500000.0,Cash Cash Equivalents And Short Term Investments,49860900000.0,Current Debt And Capital Lease Obligation,322779900000.0,Total Debt,436870200000.0,Net PPE,103800000.0,Minority Interest,,,1.0,,
SRF.NS,740570431488.0,Industrials,Conglomerates,SRF Limited,INR,INR,2026-03-31,2026-03-31,154163700000.0,Total Revenue,27683300000.0,Operating Income,25474700000.0,EBIT,18351800000.0,Net Income,71976100000.0,Current Assets,65228400000.0,Current Liabilities,12392900000.0,Cash Cash Equivalents And Short Term Investments,31851900000.0,Current Debt And Capital Lease Obligation,51870400000.0,Total Debt,160101600000.0,Net PPE,,,,,1.0,,
SAGILITY.NS,205229441024.0,Healthcare,Health Information Services,Sagility Limited,INR,INR,2026-03-31,2026-03-31,71928510000.0,Total Revenue,12773650000.0,Operating Income,13380610000.0,EBIT,9247680000.0,Net Income,29445410000.0,Current Assets,18975010000.0,Current Liabilities,9037860000.0,Cash Cash Equivalents And Short Term Investments,7294230000.0,Current Debt And Capital Lease Obligation,11105350000.0,Total Debt,9497700000.0,Net PPE,,,,,1.0,,
SAILIFE.NS,336874045440.0,Healthcare,Diagnostics & Research,Sai Life Sciences Limited,INR,INR,2026-03-31,2026-03-31,21368260000.0,Total Revenue,4672990000.0,Operating Income,5054310000.0,EBIT,3489100000.0,Net Income,14105300000.0,Current Assets,8336780000.0,Current Liabilities,1889060000.0,Cash Cash Equivalents And Short Term Investments,1403280000.0,Current Debt And Capital Lease Obligation,2884520000.0,Total Debt,21218180000.0,Net PPE,,,,,1.0,,
SAMMAANCAP.NS,159690457088.0,Financial Services,Mortgage Finance,Sammaan Capital Limited,INR,INR,2026-03-31,2026-03-31,54639000000.0,Total Revenue,-27718000000.0,Operating Income,-74810700000.0,EBIT,-71445600000.0,Net Income,243315700000.0,Current Assets,159898500000.0,Current Liabilities,128048100000.0,Cash Cash Equivalents And Short Term Investments,139675100000.0,Current Debt And Capital Lease Obligation,518530700000.0,Total Debt,1012200000.0,Net PPE,,,,,1.0,,
MOTHERSON.NS,1717117255680.0,Consumer Cyclical,Auto Parts,Samvardhana Motherson International Limited,INR,INR,2026-03-31,2026-03-31,1250229000000.0,Total Revenue,68245000000.0,Operating Income,70487000000.0,EBIT,38597000000.0,Net Income,521286000000.0,Current Assets,491856000000.0,Current Liabilities,83900000000.0,Cash Cash Equivalents And Short Term Investments,63513000000.0,Current Debt And Capital Lease Obligation,191697000000.0,Total Debt,333495000000.0,Net PPE,26795000000.0,Minority Interest,,,1.0,,
SAPPHIRE.NS,70452133888.0,Consumer Cyclical,Restaurants,Sapphire Foods India Limited,INR,INR,2026-03-31,2026-03-31,31159020000.0,Total Revenue,828530000.0,Operating Income,852680000.0,EBIT,-319630000.0,Net Income,3383960000.0,Current Assets,5376380000.0,Current Liabilities,1412220000.0,Cash Cash Equivalents And Short Term Investments,1297790000.0,Current Debt And Capital Lease Obligation,14171300000.0,Total Debt,23603650000.0,Net PPE,-20520000.0,Minority Interest,,,1.0,,
SARDAEN.NS,173230637056.0,Basic Materials,Steel,Sarda Energy & Minerals Limited,INR,INR,2026-03-31,2026-03-31,56437600000.0,Total Revenue,14464700000.0,Operating Income,16721600000.0,EBIT,11058600000.0,Net Income,44174900000.0,Current Assets,9815100000.0,Current Liabilities,23787400000.0,Cash Cash Equivalents And Short Term Investments,4637100000.0,Current Debt And Capital Lease Obligation,26319200000.0,Total Debt,65395000000.0,Net PPE,1062900000.0,Minority Interest,,,1.0,,
SAREGAMA.NS,94252105728.0,Communication Services,Entertainment,Saregama India Limited,INR,INR,2026-03-31,2026-03-31,9545825000.0,Total Revenue,2580502000.0,Operating Income,2889692000.0,EBIT,2070689000.0,Net Income,8925253000.0,Current Assets,5102962000.0,Current Liabilities,1987722000.0,Cash Cash Equivalents And Short Term Investments,623425000.0,Current Debt And Capital Lease Obligation,725790000.0,Total Debt,2781162000.0,Net PPE,25305000.0,Minority Interest,,,1.0,,
SCHAEFFLER.NS,625011458048.0,Consumer Cyclical,Auto Parts,Schaeffler India Limited,INR,INR,2025-12-31,2025-12-31,95500100000.0,Total Revenue,14225800000.0,Operating Income,15663100000.0,EBIT,11503500000.0,Net Income,54650300000.0,Current Assets,21083700000.0,Current Liabilities,18284100000.0,Cash Cash Equivalents And Short Term Investments,140500000.0,Current Debt And Capital Lease Obligation,546700000.0,Total Debt,24224000000.0,Net PPE,,,,,1.0,,
SCHNEIDER.NS,285442408448.0,Industrials,Electrical Equipment & Parts,Schneider Electric Infrastructure Limited,INR,INR,2026-03-31,2026-03-31,28699500000.0,Total Revenue,3414900000.0,Operating Income,3399500000.0,EBIT,2125600000.0,Net Income,16796600000.0,Current Assets,9709900000.0,Current Liabilities,3578500000.0,Cash Cash Equivalents And Short Term Investments,142100000.0,Current Debt And Capital Lease Obligation,3469100000.0,Total Debt,5975800000.0,Net PPE,,,,,1.0,,
SCI.NS,128024862720.0,Industrials,Marine Shipping,The Shipping Corporation of India Limited,INR,INR,2026-03-31,2026-03-31,57475600000.0,Total Revenue,12926300000.0,Operating Income,15781100000.0,EBIT,13529200000.0,Net Income,48100100000.0,Current Assets,21575600000.0,Current Liabilities,26591900000.0,Cash Cash Equivalents And Short Term Investments,6772100000.0,Current Debt And Capital Lease Obligation,26792500000.0,Total Debt,72033500000.0,Net PPE,,,,,1.0,,
SHREECEM.NS,802075049984.0,Basic Materials,Building Materials,Shree Cement Limited,INR,INR,2026-03-31,2026-03-31,205878300000.0,Total Revenue,18568000000.0,Operating Income,24995200000.0,EBIT,17435600000.0,Net Income,151024900000.0,Current Assets,69892800000.0,Current Liabilities,85989200000.0,Cash Cash Equivalents And Short Term Investments,8781900000.0,Current Debt And Capital Lease Obligation,18681400000.0,Total Debt,129700200000.0,Net PPE,465800000.0,Minority Interest,,,1.0,,
SHRIRAMFIN.NS,2292101152768.0,Financial Services,Credit Services,Shriram Finance Limited,INR,INR,2026-03-31,2026-03-31,250342700000.0,Total Revenue,,,,,100241600000.0,Net Income,,,,,61850800000.0,Cash And Cash Equivalents,,,1819935600000.0,Total Debt,11219900000.0,Net PPE,,,,,1.0,,
SHYAMMETL.NS,299312381952.0,Basic Materials,Steel,Shyam Metalics and Energy Limited,INR,INR,2026-03-31,2026-03-31,184874600000.0,Total Revenue,16742800000.0,Operating Income,15892200000.0,EBIT,10702400000.0,Net Income,72559000000.0,Current Assets,72796300000.0,Current Liabilities,5231200000.0,Cash Cash Equivalents And Short Term Investments,8874600000.0,Current Debt And Capital Lease Obligation,10050700000.0,Total Debt,113593600000.0,Net PPE,8343700000.0,Minority Interest,,,1.0,,
ENRIN.NS,1147776401408.0,Utilities,Utilities - Renewable,Siemens Energy India Limited,INR,INR,2025-09-30,2025-09-30,77825000000.0,Total Revenue,14229000000.0,Operating Income,15157000000.0,EBIT,11001000000.0,Net Income,85777000000.0,Current Assets,43591000000.0,Current Liabilities,34681000000.0,Cash Cash Equivalents And Short Term Investments,482000000.0,Current Debt And Capital Lease Obligation,1476000000.0,Total Debt,7116000000.0,Net PPE,,,,,1.0,,
SIEMENS.NS,1356035653632.0,Industrials,Specialty Industrial Machinery,Siemens Limited,INR,INR,2025-09-30,2025-09-30,173642000000.0,Total Revenue,17267000000.0,Operating Income,22970000000.0,EBIT,21042000000.0,Net Income,153447000000.0,Current Assets,60322000000.0,Current Liabilities,69858000000.0,Cash Cash Equivalents And Short Term Investments,476000000.0,Current Debt And Capital Lease Obligation,1453000000.0,Total Debt,11363000000.0,Net PPE,105000000.0,Minority Interest,,,1.0,,
SIGNATURE.NS,109601447936.0,Real Estate,Real Estate - Development,Signatureglobal (India) Limited,INR,INR,2026-03-31,2026-03-31,25789050000.0,Total Revenue,-594080000.0,Operating Income,13651280000.0,EBIT,10946280000.0,Net Income,155923190000.0,Current Assets,134839730000.0,Current Liabilities,21304990000.0,Cash Cash Equivalents And Short Term Investments,10979630000.0,Current Debt And Capital Lease Obligation,29785850000.0,Total Debt,1141630000.0,Net PPE,0.0,Minority Interest,,,1.0,,
SOBHA.NS,129553178624.0,Real Estate,Real Estate - Development,Sobha Limited,INR,INR,2026-03-31,2026-03-31,51521300000.0,Total Revenue,2060560000.0,Operating Income,3876650000.0,EBIT,1934080000.0,Net Income,162614070000.0,Current Assets,142638670000.0,Current Liabilities,1287110000.0,Cash Cash Equivalents And Short Term Investments,5996040000.0,Current Debt And Capital Lease Obligation,10573900000.0,Total Debt,15965990000.0,Net PPE,0.0,Minority Interest,,,1.0,,
SOLARINDS.NS,1743290892288.0,Basic Materials,Specialty Chemicals,Solar Industries India Limited,INR,INR,2026-03-31,2026-03-31,96118700000.0,Total Revenue,23964800000.0,Operating Income,24991900000.0,EBIT,16775500000.0,Net Income,50374600000.0,Current Assets,24488900000.0,Current Liabilities,4804000000.0,Cash Cash Equivalents And Short Term Investments,9507100000.0,Current Debt And Capital Lease Obligation,18092500000.0,Total Debt,49000900000.0,Net PPE,2717000000.0,Minority Interest,,,1.0,,
SONACOMS.NS,513439268864.0,Consumer Cyclical,Auto Parts,Sona BLW Precision Forgings Limited,INR,INR,2026-03-31,2026-03-31,43083730000.0,Total Revenue,7935240000.0,Operating Income,8595970000.0,EBIT,6401740000.0,Net Income,31931600000.0,Current Assets,9392460000.0,Current Liabilities,12292940000.0,Cash Cash Equivalents And Short Term Investments,2487180000.0,Current Debt And Capital Lease Obligation,4422870000.0,Total Debt,20015770000.0,Net PPE,1492430000.0,Minority Interest,,,1.0,,
SONATSOFTW.NS,76243042304.0,Technology,Information Technology Services,Sonata Software Limited,INR,INR,2026-03-31,2026-03-31,106756500000.0,Total Revenue,6903000000.0,Operating Income,6797900000.0,EBIT,4643900000.0,Net Income,27727400000.0,Current Assets,26329600000.0,Current Liabilities,6042600000.0,Cash Cash Equivalents And Short Term Investments,3151500000.0,Current Debt And Capital Lease Obligation,7230300000.0,Total Debt,2048900000.0,Net PPE,,,,,1.0,,
STARHEALTH.NS,327005241344.0,Financial Services,Insurance - Life,Star Health and Allied Insurance Company Limited,INR,INR,2026-03-31,2026-03-31,181484700000.0,Total Revenue,,,8183900000.0,EBIT,5569800000.0,Net Income,,,,,37260900000.0,Cash Cash Equivalents And Short Term Investments,,,4700000000.0,Total Debt,953000000.0,Net PPE,,,,,1.0,,
SBIN.NS,8903853080576.0,Financial Services,Banks - Regional,State Bank of India,INR,INR,2026-03-31,2026-03-31,3817091770000.0,Total Revenue,,,,,832987824000.0,Net Income,,,,,6671134748000.0,Cash And Cash Equivalents,,,7268922204000.0,Total Debt,571521013000.0,Net PPE,187682823000.0,Minority Interest,,,1.0,,
SAIL.NS,760677531648.0,Basic Materials,Steel,Steel Authority of India Limited,INR,INR,2026-03-31,2026-03-31,1099870200000.0,Total Revenue,67577700000.0,Operating Income,66257600000.0,EBIT,33728000000.0,Net Income,359197300000.0,Current Assets,436204900000.0,Current Liabilities,966500000.0,Cash Cash Equivalents And Short Term Investments,151720400000.0,Current Debt And Capital Lease Obligation,319277100000.0,Total Debt,868497600000.0,Net PPE,100000.0,Minority Interest,,,1.0,,
SUMICHEM.NS,216853872640.0,Basic Materials,Agricultural Inputs,Sumitomo Chemical India Limited,INR,INR,2026-03-31,2026-03-31,32088870000.0,Total Revenue,6587360000.0,Operating Income,7342150000.0,EBIT,5429640000.0,Net Income,33401530000.0,Current Assets,9698120000.0,Current Liabilities,12385020000.0,Cash Cash Equivalents And Short Term Investments,215390000.0,Current Debt And Capital Lease Obligation,633000000.0,Total Debt,5191530000.0,Net PPE,41140000.0,Minority Interest,,,1.0,,
SUNPHARMA.NS,4418854977536.0,Healthcare,Drug Manufacturers - Specialty & Generic,Sun Pharmaceutical Industries Limited,INR,INR,2026-03-31,2026-03-31,582201100000.0,Total Revenue,135948200000.0,Operating Income,154577900000.0,EBIT,114794200000.0,Net Income,638911900000.0,Current Assets,226220400000.0,Current Liabilities,337814600000.0,Cash Cash Equivalents And Short Term Investments,42344300000.0,Current Debt And Capital Lease Obligation,46273200000.0,Total Debt,126373200000.0,Net PPE,3096500000.0,Minority Interest,,,1.0,,
SUNTV.NS,205239255040.0,Communication Services,Broadcasting,Sun TV Network Limited,INR,INR,2026-03-31,2026-03-31,43348200000.0,Total Revenue,14980400000.0,Operating Income,19530800000.0,EBIT,14395800000.0,Net Income,84546200000.0,Current Assets,10839200000.0,Current Liabilities,66299700000.0,Cash Cash Equivalents And Short Term Investments,212500000.0,Current Debt And Capital Lease Obligation,1059300000.0,Total Debt,8319600000.0,Net PPE,165000000.0,Minority Interest,,,1.0,,
SUNDARMFIN.NS,485464309760.0,Financial Services,Credit Services,Sundaram Finance Limited,INR,INR,2026-03-31,2026-03-31,49219500000.0,Total Revenue,,,,,20588600000.0,Net Income,,,,,5792100000.0,Cash And Cash Equivalents,,,609175000000.0,Total Debt,7753900000.0,Net PPE,,,,,1.0,,
SUPREMEIND.NS,446946672640.0,Industrials,Building Products & Equipment,The Supreme Industries Limited,INR,INR,2026-03-31,2026-03-31,111349500000.0,Total Revenue,11558000000.0,Operating Income,12507000000.0,EBIT,9539800000.0,Net Income,31188900000.0,Current Assets,14174500000.0,Current Liabilities,6491400000.0,Cash Cash Equivalents And Short Term Investments,219000000.0,Current Debt And Capital Lease Obligation,908400000.0,Total Debt,37806000000.0,Net PPE,,,,,1.0,,
SPLPETRO.NS,163041247232.0,Basic Materials,Specialty Chemicals,Supreme Petrochem Limited,INR,INR,2026-03-31,2026-03-31,53893925000.0,Total Revenue,4540774000.0,Operating Income,4626652000.0,EBIT,3292324000.0,Net Income,18889366000.0,Current Assets,9378116000.0,Current Liabilities,7012483000.0,Cash Cash Equivalents And Short Term Investments,362345000.0,Current Debt And Capital Lease Obligation,1333891000.0,Total Debt,15640837000.0,Net PPE,11142000.0,Minority Interest,,,1.0,,
SUZLON.NS,549307056128.0,Industrials,Specialty Industrial Machinery,Suzlon Energy Limited,INR,INR,2026-03-31,2026-03-31,165466500000.0,Total Revenue,27233200000.0,Operating Income,26450100000.0,EBIT,31633900000.0,Net Income,135007600000.0,Current Assets,81869100000.0,Current Liabilities,15525800000.0,Cash Cash Equivalents And Short Term Investments,1905000000.0,Current Debt And Capital Lease Obligation,9810900000.0,Total Debt,15479200000.0,Net PPE,0.0,Minority Interest,,,1.0,,
SWANCORP.NS,91529412608.0,Industrials,Conglomerates,Swan Corp Limited,INR,INR,2026-03-31,2026-03-31,43335589000.0,Total Revenue,-3444386000.0,Operating Income,4437470000.0,EBIT,2741273000.0,Net Income,54872725000.0,Current Assets,28770764000.0,Current Liabilities,12897660000.0,Cash Cash Equivalents And Short Term Investments,6651102000.0,Current Debt And Capital Lease Obligation,22583410000.0,Total Debt,74075010000.0,Net PPE,16583303000.0,Minority Interest,,,1.0,,
SWIGGY.NS,676615487488.0,Consumer Cyclical,Internet Retail,Swiggy Limited,INR,INR,2026-03-31,2026-03-31,228280000000.0,Total Revenue,-44140000000.0,Operating Income,-39540000000.0,EBIT,-41540000000.0,Net Income,163270000000.0,Current Assets,48770000000.0,Current Liabilities,112280000000.0,Cash Cash Equivalents And Short Term Investments,6100000000.0,Current Debt And Capital Lease Obligation,25510000000.0,Total Debt,36830000000.0,Net PPE,,,,,1.0,,
SYNGENE.NS,152327323648.0,Healthcare,Diagnostics & Research,Syngene International Limited,INR,INR,2026-03-31,2026-03-31,36107000000.0,Total Revenue,5573000000.0,Operating Income,4557000000.0,EBIT,3167000000.0,Net Income,21428000000.0,Current Assets,15523000000.0,Current Liabilities,12891000000.0,Cash Cash Equivalents And Short Term Investments,599000000.0,Current Debt And Capital Lease Obligation,4584000000.0,Total Debt,39756000000.0,Net PPE,,,,,1.0,,
SYRMA.NS,337459707904.0,Technology,Electronic Components,Syrma SGS Technology Limited,INR,INR,2026-03-31,2026-03-31,47046570000.0,Total Revenue,4982430000.0,Operating Income,4888340000.0,EBIT,3177800000.0,Net Income,41496860000.0,Current Assets,24408570000.0,Current Liabilities,8027940000.0,Cash Cash Equivalents And Short Term Investments,3221880000.0,Current Debt And Capital Lease Obligation,3998920000.0,Total Debt,10691760000.0,Net PPE,2032810000.0,Minority Interest,,,1.0,,
TBOTEK.NS,178030247936.0,Consumer Cyclical,Travel Services,TBO Tek Limited,INR,INR,2026-03-31,2026-03-31,25120990000.0,Total Revenue,3462820000.0,Operating Income,3368890000.0,EBIT,2443060000.0,Net Income,76197420000.0,Current Assets,70617540000.0,Current Liabilities,14690500000.0,Cash Cash Equivalents And Short Term Investments,1029290000.0,Current Debt And Capital Lease Obligation,7561390000.0,Total Debt,1141240000.0,Net PPE,0.0,Minority Interest,,,1.0,,
TVSMOTOR.NS,,Consumer Cyclical,Auto Manufacturers,TVS Motor Company Limited,INR,INR,2026-03-31,2026-03-31,476516300000.0,Total Revenue,9196800000.0,Operating Income,70418300000.0,EBIT,30183300000.0,Net Income,314694300000.0,Current Assets,320676800000.0,Current Liabilities,44654500000.0,Cash Cash Equivalents And Short Term Investments,198052900000.0,Current Debt And Capital Lease Obligation,327910100000.0,Total Debt,76563400000.0,Net PPE,11486100000.0,Minority Interest,,,1.0,,
TATACAP.NS,1392562798592.0,Financial Services,Credit Services,Tata Capital Limited,INR,INR,2026-03-31,2026-03-31,297453600000.0,Total Revenue,86109900000.0,Operating Income,73862000000.0,EBIT,48461000000.0,Net Income,1051133500000.0,Current Assets,903926400000.0,Current Liabilities,114366500000.0,Cash Cash Equivalents And Short Term Investments,824466300000.0,Current Debt And Capital Lease Obligation,2277671000000.0,Total Debt,25020800000.0,Net PPE,12458200000.0,Minority Interest,,,1.0,,
TATACHEM.NS,165183979520.0,Basic Materials,Chemicals,Tata Chemicals Limited,INR,INR,2026-03-31,2026-03-31,143970000000.0,Total Revenue,6060000000.0,Operating Income,-9550000000.0,EBIT,-18960000000.0,Net Income,72060000000.0,Current Assets,67430000000.0,Current Liabilities,11360000000.0,Cash Cash Equivalents And Short Term Investments,26240000000.0,Current Debt And Capital Lease Obligation,80010000000.0,Total Debt,118350000000.0,Net PPE,9690000000.0,Minority Interest,,,1.0,,
TATACOMM.NS,471788224512.0,Communication Services,Telecom Services,Tata Communications Limited,INR,INR,2026-03-31,2026-03-31,247830700000.0,Total Revenue,20535100000.0,Operating Income,21994900000.0,EBIT,10015700000.0,Net Income,68629100000.0,Current Assets,140180100000.0,Current Liabilities,9889400000.0,Cash Cash Equivalents And Short Term Investments,48095900000.0,Current Debt And Capital Lease Obligation,122489000000.0,Total Debt,104997400000.0,Net PPE,2040600000.0,Minority Interest,,,1.0,,
TCS.NS,,Technology,Information Technology Services,Tata Consultancy Services Limited,INR,INR,2026-03-31,2026-03-31,2670210000000.0,Total Revenue,670220000000.0,Operating Income,667140000000.0,EBIT,492100000000.0,Net Income,1357050000000.0,Current Assets,609140000000.0,Current Liabilities,413730000000.0,Cash Cash Equivalents And Short Term Investments,18300000000.0,Current Debt And Capital Lease Obligation,112830000000.0,Total Debt,251000000000.0,Net PPE,12380000000.0,Minority Interest,,,1.0,,
TATACONSUM.NS,950696148992.0,Consumer Defensive,Packaged Foods,Tata Consumer Products Limited,INR,INR,2026-03-31,2026-03-31,201706100000.0,Total Revenue,21740600000.0,Operating Income,23098100000.0,EBIT,15423000000.0,Net Income,103170900000.0,Current Assets,66056300000.0,Current Liabilities,43199200000.0,Cash Cash Equivalents And Short Term Investments,19087300000.0,Current Debt And Capital Lease Obligation,28195100000.0,Total Debt,34113700000.0,Net PPE,14013300000.0,Minority Interest,,,1.0,,
TATAELXSI.NS,199321206784.0,Technology,Software - Application,Tata Elxsi Limited,INR,INR,2026-03-31,2026-03-31,37574237000.0,Total Revenue,7789951000.0,Operating Income,8413380000.0,EBIT,6284303000.0,Net Income,29681484000.0,Current Assets,7569919000.0,Current Liabilities,16488640000.0,Cash Cash Equivalents And Short Term Investments,585566000.0,Current Debt And Capital Lease Obligation,1622763000.0,Total Debt,2542269000.0,Net PPE,,,,,1.0,,
TATAINVEST.NS,327882801152.0,Financial Services,Asset Management,Tata Investment Corporation Limited,INR,INR,2026-03-31,2026-03-31,5202792000.0,Total Revenue,,,,,4336807000.0,Net Income,,,,,19283000.0,Cash And Cash Equivalents,,,13978000.0,Total Debt,17663000.0,Net PPE,0.0,Minority Interest,,,1.0,,
TMCV.NS,1592990498816.0,Consumer Cyclical,Auto Manufacturers,Tata Motors Limited,INR,INR,2026-03-31,2026-03-31,833900000000.0,Total Revenue,73890000000.0,Operating Income,55370000000.0,EBIT,30300000000.0,Net Income,232090000000.0,Current Assets,306030000000.0,Current Liabilities,130600000000.0,Cash Cash Equivalents And Short Term Investments,36680000000.0,Current Debt And Capital Lease Obligation,56150000000.0,Total Debt,125780000000.0,Net PPE,,,,,1.0,,
TMPV.NS,1045601452032.0,Consumer Cyclical,Auto Manufacturers,Tata Motors Passenger Vehicles Limited,INR,INR,2026-03-31,2026-03-31,3333830000000.0,Total Revenue,-283630000000.0,Operating Income,12040000000.0,EBIT,823900000000.0,Net Income,1387480000000.0,Current Assets,1643050000000.0,Current Liabilities,478280000000.0,Cash Cash Equivalents And Short Term Investments,270880000000.0,Current Debt And Capital Lease Obligation,813950000000.0,Total Debt,1002750000000.0,Net PPE,67740000000.0,Minority Interest,,,1.0,,
TATAPOWER.NS,1159269187584.0,Utilities,Utilities - Independent Power Producers,The Tata Power Company Limited,INR,INR,2026-03-31,2026-03-31,610486100000.0,Total Revenue,85187300000.0,Operating Income,115742700000.0,EBIT,37471900000.0,Net Income,315040300000.0,Current Assets,393378200000.0,Current Liabilities,57657900000.0,Cash Cash Equivalents And Short Term Investments,136308300000.0,Current Debt And Capital Lease Obligation,797893400000.0,Total Debt,1018238300000.0,Net PPE,80708600000.0,Minority Interest,,,1.0,,
TATASTEEL.NS,2324588920832.0,Basic Materials,Steel,Tata Steel Limited,INR,INR,2026-03-31,2026-03-31,2302934700000.0,Total Revenue,223979300000.0,Operating Income,231357500000.0,EBIT,107938700000.0,Net Income,725201700000.0,Current Assets,969176400000.0,Current Liabilities,120721400000.0,Cash Cash Equivalents And Short Term Investments,223950200000.0,Current Debt And Capital Lease Obligation,923816800000.0,Total Debt,2001338600000.0,Net PPE,16128000000.0,Minority Interest,,,1.0,,
TATATECH.NS,287667421184.0,Technology,Information Technology Services,Tata Technologies Limited,INR,INR,2026-03-31,2026-03-31,55055700000.0,Total Revenue,7236700000.0,Operating Income,7988400000.0,EBIT,5465900000.0,Net Income,58076800000.0,Current Assets,37906700000.0,Current Liabilities,15063600000.0,Cash Cash Equivalents And Short Term Investments,1527000000.0,Current Debt And Capital Lease Obligation,9379800000.0,Total Debt,2968100000.0,Net PPE,,,,,1.0,,
TTML.NS,70807486464.0,Communication Services,Telecom Services,Tata Teleservices (Maharashtra) Limited,INR,INR,2026-03-31,2026-03-31,11501400000.0,Total Revenue,4766900000.0,Operating Income,11450600000.0,EBIT,-2153000000.0,Net Income,1843300000.0,Current Assets,181841400000.0,Current Liabilities,385300000.0,Cash Cash Equivalents And Short Term Investments,158314300000.0,Current Debt And Capital Lease Obligation,189307600000.0,Total Debt,9694900000.0,Net PPE,,,,,1.0,,
TECHM.NS,1368928944128.0,Technology,Information Technology Services,Tech Mahindra Limited,INR,INR,2026-03-31,2026-03-31,568154000000.0,Total Revenue,73879000000.0,Operating Income,69105000000.0,EBIT,48109000000.0,Net Income,275747000000.0,Current Assets,144975000000.0,Current Liabilities,84255000000.0,Cash Cash Equivalents And Short Term Investments,5974000000.0,Current Debt And Capital Lease Obligation,21862000000.0,Total Debt,44331000000.0,Net PPE,4616000000.0,Minority Interest,,,1.0,,
TECHNOE.NS,115950673920.0,Industrials,Engineering & Construction,Techno Electric & Engineering Company Limited,INR,INR,2026-03-31,2026-03-31,31598080000.0,Total Revenue,4457620000.0,Operating Income,5789010000.0,EBIT,4738650000.0,Net Income,52528540000.0,Current Assets,12924110000.0,Current Liabilities,22539910000.0,Cash Cash Equivalents And Short Term Investments,713510000.0,Current Debt And Capital Lease Obligation,724930000.0,Total Debt,5886640000.0,Net PPE,220000.0,Minority Interest,,,1.0,,
TEGA.NS,154267205632.0,Industrials,Specialty Industrial Machinery,Tega Industries Limited,INR,INR,2026-03-31,2026-03-31,16698440000.0,Total Revenue,1375650000.0,Operating Income,2224200000.0,EBIT,1426530000.0,Net Income,34009170000.0,Current Assets,7212680000.0,Current Liabilities,23211910000.0,Cash Cash Equivalents And Short Term Investments,2169410000.0,Current Debt And Capital Lease Obligation,3984010000.0,Total Debt,7146270000.0,Net PPE,0.0,Minority Interest,,,1.0,,
TEJASNET.NS,88180850688.0,Technology,Communication Equipment,Tejas Networks Limited,INR,INR,2026-03-31,2026-03-31,10974700000.0,Total Revenue,-10716900000.0,Operating Income,-10747700000.0,EBIT,-9088900000.0,Net Income,68975700000.0,Current Assets,57536000000.0,Current Liabilities,4691700000.0,Cash Cash Equivalents And Short Term Investments,34987300000.0,Current Debt And Capital Lease Obligation,41770800000.0,Total Debt,5339400000.0,Net PPE,,,,,1.0,,
TENNIND.NS,203537645568.0,Consumer Cyclical,Auto Parts,Tenneco Clean Air India Limited,INR,INR,2026-03-31,2026-03-31,53812190000.0,Total Revenue,8177660000.0,Operating Income,8490850000.0,EBIT,6035800000.0,Net Income,17276910000.0,Current Assets,12172640000.0,Current Liabilities,5712760000.0,Cash Cash Equivalents And Short Term Investments,376360000.0,Current Debt And Capital Lease Obligation,798090000.0,Total Debt,6807730000.0,Net PPE,31300000.0,Minority Interest,,,1.0,,
NIACL.NS,282549583872.0,Financial Services,Insurance - Diversified,The New India Assurance Company Limited,INR,INR,2026-03-31,2026-03-31,510778700000.0,Total Revenue,,,13027400000.0,EBIT,14122600000.0,Net Income,,,,,231947400000.0,Cash Cash Equivalents And Short Term Investments,,,,,4482100000.0,Net PPE,517800000.0,Minority Interest,,,1.0,,
RAMCOCEM.NS,201793699840.0,Basic Materials,Building Materials,The Ramco Cements Limited,INR,INR,2026-03-31,2026-03-31,89471700000.0,Total Revenue,7013700000.0,Operating Income,11714900000.0,EBIT,6986500000.0,Net Income,23871300000.0,Current Assets,43923700000.0,Current Liabilities,2129500000.0,Cash Cash Equivalents And Short Term Investments,10485600000.0,Current Debt And Capital Lease Obligation,38711000000.0,Total Debt,137477600000.0,Net PPE,3700000.0,Minority Interest,,,1.0,,
THERMAX.NS,379614756864.0,Industrials,Conglomerates,Thermax Limited,INR,INR,2026-03-31,2026-03-31,106425500000.0,Total Revenue,9529600000.0,Operating Income,11432300000.0,EBIT,7205000000.0,Net Income,71088000000.0,Current Assets,58203600000.0,Current Liabilities,24606700000.0,Cash Cash Equivalents And Short Term Investments,6820800000.0,Current Debt And Capital Lease Obligation,23719500000.0,Total Debt,44016700000.0,Net PPE,292200000.0,Minority Interest,,,1.0,,
TIMKEN.NS,236796116992.0,Industrials,Tools & Accessories,Timken India Limited,INR,INR,2026-03-31,2026-03-31,34623640000.0,Total Revenue,5356790000.0,Operating Income,5563670000.0,EBIT,4148850000.0,Net Income,20661890000.0,Current Assets,6966280000.0,Current Liabilities,3191950000.0,Cash Cash Equivalents And Short Term Investments,28390000.0,Current Debt And Capital Lease Obligation,145620000.0,Total Debt,12712440000.0,Net PPE,,,,,1.0,,
TITAGARH.NS,99501228032.0,Industrials,Railroads,Titagarh Rail Systems Limited,INR,INR,2026-03-31,2026-03-31,31608500000.0,Total Revenue,3026000000.0,Operating Income,2434800000.0,EBIT,1229800000.0,Net Income,21838700000.0,Current Assets,12087700000.0,Current Liabilities,2168900000.0,Cash Cash Equivalents And Short Term Investments,3628500000.0,Current Debt And Capital Lease Obligation,6231200000.0,Total Debt,12610300000.0,Net PPE,10200000.0,Minority Interest,,,1.0,,
TITAN.NS,4281282068480.0,Consumer Cyclical,Luxury Goods,Titan Company Limited,INR,INR,2026-03-31,2026-03-31,873050000000.0,Total Revenue,75540000000.0,Operating Income,79810000000.0,EBIT,50730000000.0,Net Income,507810000000.0,Current Assets,397930000000.0,Current Liabilities,38950000000.0,Cash Cash Equivalents And Short Term Investments,278160000000.0,Current Debt And Capital Lease Obligation,306210000000.0,Total Debt,50150000000.0,Net PPE,,,,,1.0,,
TORNTPHARM.NS,1862661439488.0,Healthcare,Drug Manufacturers - Specialty & Generic,Torrent Pharmaceuticals Limited,INR,INR,2026-03-31,2026-03-31,137529900000.0,Total Revenue,34397600000.0,Operating Income,32568800000.0,EBIT,21633700000.0,Net Income,93918900000.0,Current Assets,83433300000.0,Current Liabilities,23552100000.0,Cash Cash Equivalents And Short Term Investments,31842600000.0,Current Debt And Capital Lease Obligation,150255000000.0,Total Debt,53941200000.0,Net PPE,91964000000.0,Minority Interest,,,1.0,,
TORNTPOWER.NS,623882993664.0,Utilities,Utilities - Independent Power Producers,Torrent Power Limited,INR,INR,2026-03-31,2026-03-31,286095600000.0,Total Revenue,40724600000.0,Operating Income,42098200000.0,EBIT,24164300000.0,Net Income,92394200000.0,Current Assets,97130900000.0,Current Liabilities,23194100000.0,Cash Cash Equivalents And Short Term Investments,18793100000.0,Current Debt And Capital Lease Obligation,139705600000.0,Total Debt,340857500000.0,Net PPE,6334200000.0,Minority Interest,,,1.0,,
TARIL.NS,81720147968.0,Industrials,Electrical Equipment & Parts,Transformers and Rectifiers (India) Limited,INR,INR,2026-03-31,2026-03-31,24597400000.0,Total Revenue,4007900000.0,Operating Income,3979200000.0,EBIT,2643900000.0,Net Income,18738700000.0,Current Assets,10323000000.0,Current Liabilities,1593900000.0,Cash Cash Equivalents And Short Term Investments,3897400000.0,Current Debt And Capital Lease Obligation,4566500000.0,Total Debt,3687700000.0,Net PPE,281600000.0,Minority Interest,,,1.0,,
TRAVELFOOD.NS,158526341120.0,Consumer Cyclical,Restaurants,Travel Food Services Limited,INR,INR,2026-03-31,2026-03-31,16477960000.0,Total Revenue,5166820000.0,Operating Income,6593280000.0,EBIT,4410270000.0,Net Income,13414190000.0,Current Assets,7024660000.0,Current Liabilities,9175160000.0,Cash Cash Equivalents And Short Term Investments,1491580000.0,Current Debt And Capital Lease Obligation,2447890000.0,Total Debt,3173490000.0,Net PPE,211260000.0,Minority Interest,,,1.0,,
TRENT.NS,1401707692032.0,Consumer Cyclical,Apparel Retail,Trent Limited,INR,INR,2026-03-31,2026-03-31,198501100000.0,Total Revenue,23782200000.0,Operating Income,24048300000.0,EBIT,17196500000.0,Net Income,40583000000.0,Current Assets,32109900000.0,Current Liabilities,9288900000.0,Cash Cash Equivalents And Short Term Investments,13544500000.0,Current Debt And Capital Lease Obligation,25612500000.0,Total Debt,66207600000.0,Net PPE,1232800000.0,Minority Interest,,,1.0,,
TRIDENT.NS,116841750528.0,Consumer Cyclical,Textile Manufacturing,Trident Limited,INR,INR,2026-03-31,2026-03-31,63046700000.0,Total Revenue,5679200000.0,Operating Income,6334200000.0,EBIT,3771100000.0,Net Income,25233900000.0,Current Assets,16026800000.0,Current Liabilities,5143300000.0,Cash Cash Equivalents And Short Term Investments,9541300000.0,Current Debt And Capital Lease Obligation,18285300000.0,Total Debt,44640500000.0,Net PPE,,,,,1.0,,
TRITURBINE.NS,176434741248.0,Industrials,Specialty Industrial Machinery,Triveni Turbine Limited,INR,INR,2026-03-31,2026-03-31,21590370000.0,Total Revenue,4287310000.0,Operating Income,4756640000.0,EBIT,3497010000.0,Net Income,19900910000.0,Current Assets,10057920000.0,Current Liabilities,8694330000.0,Cash Cash Equivalents And Short Term Investments,55450000.0,Current Debt And Capital Lease Obligation,358550000.0,Total Debt,3820750000.0,Net PPE,0.0,Minority Interest,,,1.0,,
TIINDIA.NS,477291249664.0,Industrials,Conglomerates,Tube Investments of India Limited,INR,INR,2026-03-31,2026-03-31,222211800000.0,Total Revenue,16719800000.0,Operating Income,19090200000.0,EBIT,6368400000.0,Net Income,122276700000.0,Current Assets,65564500000.0,Current Liabilities,40050100000.0,Cash Cash Equivalents And Short Term Investments,4085700000.0,Current Debt And Capital Lease Obligation,7614900000.0,Total Debt,51373800000.0,Net PPE,64505600000.0,Minority Interest,,,1.0,,
UCOBANK.NS,294428835840.0,Financial Services,Banks - Regional,UCO Bank,INR,INR,2026-03-31,2026-03-31,123288658000.0,Total Revenue,,,,,27678587000.0,Net Income,,,,,250687859000.0,Cash And Cash Equivalents,,,183098185000.0,Total Debt,42004377000.0,Net PPE,,,,,1.0,,
UNOMINDA.NS,687763423232.0,Consumer Cyclical,Auto Parts,Uno Minda Limited,INR,INR,2026-03-31,2026-03-31,193850100000.0,Total Revenue,15519700000.0,Operating Income,17864700000.0,EBIT,11971300000.0,Net Income,59980600000.0,Current Assets,50014700000.0,Current Liabilities,3675700000.0,Cash Cash Equivalents And Short Term Investments,15114900000.0,Current Debt And Capital Lease Obligation,27401200000.0,Total Debt,59385500000.0,Net PPE,4309000000.0,Minority Interest,,,1.0,,
UPL.NS,464103243776.0,Basic Materials,Agricultural Inputs,UPL Limited,INR,INR,2026-03-31,2026-03-31,513030000000.0,Total Revenue,71030000000.0,Operating Income,60100000000.0,EBIT,19220000000.0,Net Income,422950000000.0,Current Assets,347480000000.0,Current Liabilities,66960000000.0,Cash Cash Equivalents And Short Term Investments,70200000000.0,Current Debt And Capital Lease Obligation,235760000000.0,Total Debt,110060000000.0,Net PPE,65730000000.0,Minority Interest,,,1.0,,
UTIAMC.NS,114734997504.0,Financial Services,Asset Management,UTI Asset Management Company Limited,INR,INR,2026-03-31,2026-03-31,15389200000.0,Total Revenue,6059500000.0,Operating Income,6662900000.0,EBIT,4041200000.0,Net Income,27998400000.0,Current Assets,3398100000.0,Current Liabilities,26761700000.0,Cash Cash Equivalents And Short Term Investments,269700000.0,Current Debt And Capital Lease Obligation,1409300000.0,Total Debt,2806700000.0,Net PPE,0.0,Minority Interest,,,1.0,,
ULTRACEMCO.NS,3239101857792.0,Basic Materials,Building Materials,UltraTech Cement Limited,INR,INR,2026-03-31,2026-03-31,873835200000.0,Total Revenue,122448900000.0,Operating Income,127382400000.0,EBIT,81656400000.0,Net Income,252474400000.0,Current Assets,338317000000.0,Current Liabilities,52338000000.0,Cash Cash Equivalents And Short Term Investments,79845500000.0,Current Debt And Capital Lease Obligation,237550900000.0,Total Debt,994983700000.0,Net PPE,40889000000.0,Minority Interest,,,1.0,,
UNIONBANK.NS,1324430524416.0,Financial Services,Banks - Regional,Union Bank of India,INR,INR,2026-03-31,2026-03-31,587878802000.0,Total Revenue,,,,,194302105000.0,Net Income,,,,,960433572000.0,Cash And Cash Equivalents,,,737978657000.0,Total Debt,111008252000.0,Net PPE,0.0,Minority Interest,1040035000.0,Preferred Stock Equity,1.0,,
UBL.NS,323526131712.0,Consumer Defensive,Beverages - Brewers,United Breweries Limited,INR,INR,2026-03-31,2026-03-31,88793500000.0,Total Revenue,5449800000.0,Operating Income,6303400000.0,EBIT,4131700000.0,Net Income,62261600000.0,Current Assets,50331500000.0,Current Liabilities,4676200000.0,Cash Cash Equivalents And Short Term Investments,12077300000.0,Current Debt And Capital Lease Obligation,13165300000.0,Total Debt,26089300000.0,Net PPE,57400000.0,Minority Interest,,,1.0,,
UNITDSPR.NS,1004728418304.0,Consumer Defensive,Beverages - Wineries & Distilleries,United Spirits Limited,INR,INR,2026-03-31,2026-03-31,124150000000.0,Total Revenue,19970000000.0,Operating Income,23770000000.0,EBIT,18380000000.0,Net Income,105630000000.0,Current Assets,51450000000.0,Current Liabilities,30680000000.0,Cash Cash Equivalents And Short Term Investments,1050000000.0,Current Debt And Capital Lease Obligation,4130000000.0,Total Debt,13110000000.0,Net PPE,40000000.0,Minority Interest,,,1.0,,
URBANCO.NS,239655911424.0,Technology,Software - Application,Urban Company Limited,INR,INR,2026-03-31,2026-03-31,15555400000.0,Total Revenue,-2364200000.0,Operating Income,-1626000000.0,EBIT,-2348100000.0,Net Income,19495500000.0,Current Assets,4322100000.0,Current Liabilities,17184400000.0,Cash Cash Equivalents And Short Term Investments,314000000.0,Current Debt And Capital Lease Obligation,1357900000.0,Total Debt,1657100000.0,Net PPE,,,0.0,Preferred Stock,1.0,,
USHAMART.NS,155076722688.0,Basic Materials,Steel,Usha Martin Limited,INR,INR,2026-03-31,2026-03-31,35956300000.0,Total Revenue,5918500000.0,Operating Income,6575500000.0,EBIT,4659900000.0,Net Income,22800300000.0,Current Assets,6956100000.0,Current Liabilities,4767500000.0,Cash Cash Equivalents And Short Term Investments,1375300000.0,Current Debt And Capital Lease Obligation,2285700000.0,Total Debt,16691200000.0,Net PPE,1500000.0,Minority Interest,,,1.0,,
VTL.NS,159066963968.0,Consumer Cyclical,Textile Manufacturing,Vardhman Textiles Limited,INR,INR,2026-03-31,2026-03-31,96893400000.0,Total Revenue,9034300000.0,Operating Income,10490700000.0,EBIT,7452500000.0,Net Income,69734300000.0,Current Assets,16795100000.0,Current Liabilities,10480700000.0,Cash Cash Equivalents And Short Term Investments,6240000000.0,Current Debt And Capital Lease Obligation,18549800000.0,Total Debt,58220400000.0,Net PPE,740500000.0,Minority Interest,,,1.0,,
VBL.NS,1453288849408.0,Consumer Defensive,Beverages - Non-Alcoholic,Varun Beverages Limited,INR,INR,2025-12-31,2025-12-31,208346040000.0,Total Revenue,38602580000.0,Operating Income,41780430000.0,EBIT,30364890000.0,Net Income,78960430000.0,Current Assets,40739450000.0,Current Liabilities,17841770000.0,Cash Cash Equivalents And Short Term Investments,15679380000.0,Current Debt And Capital Lease Obligation,25081830000.0,Total Debt,157488550000.0,Net PPE,1622510000.0,Minority Interest,,,1.0,,
VEDL.NS,1021496197120.0,Basic Materials,Other Industrial Metals & Mining,Vedanta Limited,INR,INR,2026-03-31,2026-03-31,766720000000.0,Total Revenue,184970000000.0,Operating Income,196520000000.0,EBIT,173910000000.0,Net Income,1860500000000.0,Current Assets,1409380000000.0,Current Liabilities,160670000000.0,Cash Cash Equivalents And Short Term Investments,113090000000.0,Current Debt And Capital Lease Obligation,278440000000.0,Total Debt,405800000000.0,Net PPE,277460000000.0,Minority Interest,,,1.0,,
VIJAYA.NS,154383269888.0,Healthcare,Diagnostics & Research,Vijaya Diagnostic Centre Limited,INR,INR,2026-03-31,2026-03-31,8138805000.0,Total Revenue,2451106000.0,Operating Income,2640064000.0,EBIT,1729766000.0,Net Income,3218996000.0,Current Assets,1238644000.0,Current Liabilities,2877203000.0,Cash Cash Equivalents And Short Term Investments,225573000.0,Current Debt And Capital Lease Obligation,4225850000.0,Total Debt,9773804000.0,Net PPE,,,,,1.0,,
VMM.NS,477382017024.0,Consumer Cyclical,Department Stores,Vishal Mega Mart Limited,INR,INR,2026-03-31,2026-03-31,128705760000.0,Total Revenue,12425690000.0,Operating Income,12964530000.0,EBIT,8392270000.0,Net Income,41333780000.0,Current Assets,25814620000.0,Current Liabilities,16715700000.0,Cash Cash Equivalents And Short Term Investments,5807520000.0,Current Debt And Capital Lease Obligation,19879780000.0,Total Debt,26141840000.0,Net PPE,,,,,1.0,,
IDEA.NS,1477799051264.0,Communication Services,Telecom Services,Vodafone Idea Limited,INR,INR,2026-03-31,2026-03-31,447890000000.0,Total Revenue,-31230000000.0,Operating Income,560750000000.0,EBIT,345520000000.0,Net Income,218760000000.0,Current Assets,396890000000.0,Current Liabilities,57890000000.0,Cash Cash Equivalents And Short Term Investments,105590000000.0,Current Debt And Capital Lease Obligation,1925280000000.0,Total Debt,657780000000.0,Net PPE,,,,,1.0,,
VOLTAS.NS,377241665536.0,Consumer Cyclical,"Furnishings, Fixtures & Appliances",Voltas Limited,INR,INR,2026-03-31,2026-03-31,141229900000.0,Total Revenue,6024600000.0,Operating Income,6438900000.0,EBIT,3758800000.0,Net Income,103291900000.0,Current Assets,75540300000.0,Current Liabilities,15536600000.0,Cash Cash Equivalents And Short Term Investments,6019200000.0,Current Debt And Capital Lease Obligation,9924800000.0,Total Debt,9888500000.0,Net PPE,228400000.0,Minority Interest,,,1.0,,
WAAREEENER.NS,713634152448.0,Technology,Solar,Waaree Energies Limited,INR,INR,2026-03-31,2026-03-31,259547300000.0,Total Revenue,49611300000.0,Operating Income,52402600000.0,EBIT,37113000000.0,Net Income,175770000000.0,Current Assets,127077000000.0,Current Liabilities,25287400000.0,Cash Cash Equivalents And Short Term Investments,22305400000.0,Current Debt And Capital Lease Obligation,36918900000.0,Total Debt,113651500000.0,Net PPE,5735500000.0,Minority Interest,,,1.0,,
WELCORP.NS,719806267392.0,Basic Materials,Steel,Welspun Corp Limited,INR,INR,2026-03-31,2026-03-31,162092200000.0,Total Revenue,19950000000.0,Operating Income,23516500000.0,EBIT,16130500000.0,Net Income,111025500000.0,Current Assets,83498100000.0,Current Liabilities,37637300000.0,Cash Cash Equivalents And Short Term Investments,5942000000.0,Current Debt And Capital Lease Obligation,23572700000.0,Total Debt,76405500000.0,Net PPE,2503000000.0,Minority Interest,0.0,Preferred Stock,1.0,,
WELSPUNLIV.NS,211891027968.0,Consumer Cyclical,Textile Manufacturing,Welspun Living Limited,INR,INR,2026-03-31,2026-03-31,84362200000.0,Total Revenue,3891700000.0,Operating Income,4197700000.0,EBIT,2044400000.0,Net Income,51811400000.0,Current Assets,32709800000.0,Current Liabilities,10165900000.0,Cash Cash Equivalents And Short Term Investments,9703300000.0,Current Debt And Capital Lease Obligation,23147900000.0,Total Debt,45171400000.0,Net PPE,607600000.0,Minority Interest,,,1.0,,
WHIRLPOOL.NS,117020557312.0,Consumer Cyclical,"Furnishings, Fixtures & Appliances",Whirlpool of India Limited,INR,INR,2026-03-31,2026-03-31,80332400000.0,Total Revenue,3084400000.0,Operating Income,4414400000.0,EBIT,2937500000.0,Net Income,50410900000.0,Current Assets,24780100000.0,Current Liabilities,26064900000.0,Cash Cash Equivalents And Short Term Investments,669200000.0,Current Debt And Capital Lease Obligation,3586900000.0,Total Debt,12322200000.0,Net PPE,0.0,Minority Interest,,,1.0,,
WIPRO.NS,1608854929408.0,Technology,Information Technology Services,Wipro Limited,INR,INR,2026-03-31,2026-03-31,926240000000.0,Total Revenue,149126000000.0,Operating Income,181331000000.0,EBIT,131974000000.0,Net Income,826354000000.0,Current Assets,403232000000.0,Current Liabilities,543625000000.0,Cash Cash Equivalents And Short Term Investments,174621000000.0,Current Debt And Capital Lease Obligation,202910000000.0,Total Debt,110074000000.0,Net PPE,2509000000.0,Minority Interest,,,1.0,,
WOCKPHARMA.NS,359513948160.0,Healthcare,Drug Manufacturers - Specialty & Generic,Wockhardt Limited,INR,INR,2026-03-31,2026-03-31,33170000000.0,Total Revenue,4030000000.0,Operating Income,4460000000.0,EBIT,2130000000.0,Net Income,26970000000.0,Current Assets,16220000000.0,Current Liabilities,6290000000.0,Cash Cash Equivalents And Short Term Investments,6770000000.0,Current Debt And Capital Lease Obligation,22330000000.0,Total Debt,23020000000.0,Net PPE,3410000000.0,Minority Interest,,,1.0,,
YESBANK.NS,674864955392.0,Financial Services,Banks - Regional,Yes Bank Limited,INR,INR,2026-03-31,2026-03-31,184369556000.0,Total Revenue,,,,,35117146000.0,Net Income,,,,,662778605000.0,Cash And Cash Equivalents,,,654508192000.0,Total Debt,31978232000.0,Net PPE,47031000.0,Minority Interest,,,1.0,,
ZFCVINDIA.NS,264142569472.0,Consumer Cyclical,Auto Parts,ZF Commercial Vehicle Control Systems India Limited,INR,INR,2026-03-31,2026-03-31,40908991000.0,Total Revenue,5353341000.0,Operating Income,6984602000.0,EBIT,5171477000.0,Net Income,34927982000.0,Current Assets,6588871000.0,Current Liabilities,22297815000.0,Cash Cash Equivalents And Short Term Investments,69491000.0,Current Debt And Capital Lease Obligation,548230000.0,Total Debt,8034811000.0,Net PPE,,,,,1.0,,
ZEEL.NS,73527762944.0,Communication Services,Broadcasting,Zee Entertainment Enterprises Limited,INR,INR,2026-03-31,2026-03-31,80880000000.0,Total Revenue,1419000000.0,Operating Income,3009000000.0,EBIT,2731000000.0,Net Income,120164000000.0,Current Assets,21520000000.0,Current Liabilities,26465000000.0,Cash Cash Equivalents And Short Term Investments,710000000.0,Current Debt And Capital Lease Obligation,2651000000.0,Total Debt,5546000000.0,Net PPE,-18000000.0,Minority Interest,,,1.0,,
ZENTEC.NS,148414349312.0,Industrials,Aerospace & Defense,Zen Technologies Limited,INR,INR,2026-03-31,2026-03-31,6876900000.0,Total Revenue,2230871000.0,Operating Income,3051213000.0,EBIT,1934519000.0,Net Income,15541698000.0,Current Assets,1754652000.0,Current Liabilities,7886703000.0,Cash Cash Equivalents And Short Term Investments,74344000.0,Current Debt And Capital Lease Obligation,185174000.0,Total Debt,1692351000.0,Net PPE,600224000.0,Minority Interest,,,1.0,,
ZENSARTECH.NS,99769081856.0,Technology,Information Technology Services,Zensar Technologies Limited,INR,INR,2026-03-31,2026-03-31,56874000000.0,Total Revenue,8386000000.0,Operating Income,10320000000.0,EBIT,7746000000.0,Net Income,40503000000.0,Current Assets,11500000000.0,Current Liabilities,25873000000.0,Cash Cash Equivalents And Short Term Investments,351000000.0,Current Debt And Capital Lease Obligation,793000000.0,Total Debt,1746000000.0,Net PPE,,,,,1.0,,
ZYDUSLIFE.NS,1214560600064.0,Healthcare,Drug Manufacturers - Specialty & Generic,Zydus Lifesciences Limited,INR,INR,2026-03-31,2026-03-31,267197000000.0,Total Revenue,57866000000.0,Operating Income,69861000000.0,EBIT,50400000000.0,Net Income,199061000000.0,Current Assets,157119000000.0,Current Liabilities,49711000000.0,Cash Cash Equivalents And Short Term Investments,86397000000.0,Current Debt And Capital Lease Obligation,124960000000.0,Total Debt,107297000000.0,Net PPE,24708000000.0,Minority Interest,,,1.0,,
ZYDUSWELL.NS,164886790144.0,Consumer Defensive,Packaged Foods,Zydus Wellness Limited,INR,INR,2026-03-31,2026-03-31,39400000000.0,Total Revenue,3557000000.0,Operating Income,3255000000.0,EBIT,1972000000.0,Net Income,13667000000.0,Current Assets,7285000000.0,Current Liabilities,1149000000.0,Cash Cash Equivalents And Short Term Investments,1558000000.0,Current Debt And Capital Lease Obligation,32028000000.0,Total Debt,3384000000.0,Net PPE,,,,,1.0,,
ECLERX.NS,171351064576.0,Technology,Information Technology Services,eClerx Services Limited,INR,INR,2026-03-31,2026-03-31,41170260000.0,Total Revenue,8972130000.0,Operating Income,9772600000.0,EBIT,7062110000.0,Net Income,24063240000.0,Current Assets,7067770000.0,Current Liabilities,10310430000.0,Cash Cash Equivalents And Short Term Investments,605270000.0,Current Debt And Capital Lease Obligation,3849520000.0,Total Debt,5438420000.0,Net PPE,28380000.0,Minority Interest,,,1.0,,
